shipment_id,order_id,origin,destination,distance_km,shipment_date,delivery_date,delivery_status,transport_cost,vehicle_type
1,1102,Mumbai,Pune,218,2024-01-14,2024-01-17,On-Time,1113.568162324728,Bike
2,1435,Mumbai,Pune,266,2024-01-18,2024-01-25,Delayed,3528.625857349295,Truck
3,1860,Bangalore,Pune,427,2024-01-19,2024-01-28,Delayed,5555.1875907223675,Bike
4,1270,Mumbai,Chennai,168,2024-01-22,2024-01-26,On-Time,1015.4835904082543,Bike
5,1106,Delhi,Hyderabad,239,2024-01-09,2024-01-12,On-Time,2573.6891409071536,Van
6,1071,Mumbai,Hyderabad,816,2024-01-25,2024-01-30,On-Time,7866.090657041801,Van
7,1700,Delhi,Chennai,419,2024-01-07,2024-01-08,On-Time,2592.3911101831773,Truck
8,1020,Bangalore,Hyderabad,1851,2024-01-28,2024-01-31,On-Time,27405.317882893993,Van
9,1614,Mumbai,Pune,198,2024-01-03,2024-01-11,Delayed,1415.0978571774438,Bike
10,1121,Bangalore,Hyderabad,1749,2024-01-20,2024-01-28,Delayed,9920.925809783914,Van
11,1466,Mumbai,Pune,701,2024-01-06,2024-01-10,On-Time,7674.8801303083865,Truck
12,1214,Delhi,Chennai,1932,2024-01-27,2024-01-29,On-Time,23934.90420221019,Bike
13,1330,Bangalore,Pune,1561,2024-01-21,2024-01-29,Delayed,8311.442192796589,Truck
14,1458,Mumbai,Hyderabad,819,2024-01-02,2024-01-10,Delayed,9489.897461174312,Van
15,1087,Delhi,Hyderabad,423,2024-01-29,2024-02-02,On-Time,4366.594635274651,Van
16,1372,Bangalore,Hyderabad,830,2024-01-06,2024-01-09,On-Time,5007.099573662902,Truck
17,1099,Bangalore,Chennai,1766,2024-01-03,2024-01-05,On-Time,11876.771666872755,Bike
18,1871,Mumbai,Chennai,209,2024-01-16,2024-01-25,Delayed,2232.0662813906083,Van
19,1663,Mumbai,Hyderabad,400,2024-01-30,2024-01-31,On-Time,3185.430454053154,Van
20,1130,Mumbai,Pune,1985,2024-01-08,2024-01-15,Delayed,28550.567213728624,Bike
21,1661,Delhi,Chennai,1361,2024-01-02,2024-01-07,On-Time,17948.054523277933,Van
22,1308,Mumbai,Hyderabad,1361,2024-01-17,2024-01-25,Delayed,20191.349680650954,Truck
23,1769,Bangalore,Hyderabad,941,2024-01-09,2024-01-13,On-Time,7148.502594523396,Van
24,1343,Bangalore,Chennai,1299,2024-01-30,2024-02-06,Delayed,19091.70999004572,Van
25,1491,Mumbai,Chennai,572,2024-01-12,2024-01-17,On-Time,5326.657735207711,Bike
26,1413,Mumbai,Chennai,571,2024-01-03,2024-01-08,On-Time,4839.332321241539,Truck
27,1805,Bangalore,Pune,832,2024-01-11,2024-01-20,Delayed,4578.908064385019,Bike
28,1385,Delhi,Pune,322,2024-01-01,2024-01-10,Delayed,1779.9041303079205,Van
29,1191,Mumbai,Hyderabad,985,2024-01-23,2024-02-01,Delayed,11741.31087107455,Van
30,1955,Mumbai,Chennai,1475,2024-01-13,2024-01-19,Delayed,14129.45266790191,Bike
31,1276,Bangalore,Pune,232,2024-01-15,2024-01-21,Delayed,1685.5301724037652,Bike
32,1160,Mumbai,Chennai,1738,2024-01-26,2024-01-31,On-Time,19360.803923932544,Bike
33,1459,Delhi,Hyderabad,537,2024-01-05,2024-01-14,Delayed,4042.848095003097,Truck
34,1313,Bangalore,Pune,1900,2024-01-21,2024-01-29,Delayed,20475.003332544027,Van
35,1021,Mumbai,Pune,895,2024-01-30,2024-02-06,Delayed,7689.918285495079,Bike
36,1252,Bangalore,Pune,173,2024-01-17,2024-01-24,Delayed,2289.745352038447,Van
37,1747,Mumbai,Hyderabad,1034,2024-01-25,2024-01-31,Delayed,13655.998302328499,Truck
38,1856,Mumbai,Chennai,1699,2024-01-23,2024-01-28,On-Time,16605.1832640996,Truck
39,1560,Mumbai,Pune,839,2024-01-24,2024-01-28,On-Time,7138.372327320781,Truck
40,1474,Delhi,Hyderabad,463,2024-01-25,2024-01-28,On-Time,3993.6518580686075,Truck
41,1058,Delhi,Chennai,1798,2024-01-06,2024-01-09,On-Time,23476.74717151456,Van
42,1510,Bangalore,Hyderabad,1245,2024-01-28,2024-02-03,Delayed,10310.834560830272,Truck
43,1681,Mumbai,Chennai,1361,2024-01-21,2024-01-25,On-Time,9650.298076150173,Truck
44,1475,Mumbai,Hyderabad,1508,2024-01-22,2024-01-28,Delayed,8817.100195479627,Bike
45,1699,Delhi,Chennai,735,2024-01-11,2024-01-14,On-Time,7105.194438500401,Truck
46,1975,Mumbai,Pune,162,2024-01-18,2024-01-22,On-Time,1591.0540002501439,Bike
47,1782,Delhi,Chennai,937,2024-01-04,2024-01-13,Delayed,12564.31461647524,Truck
48,1189,Mumbai,Hyderabad,1990,2024-01-03,2024-01-08,On-Time,14352.650059276673,Truck
49,1957,Bangalore,Hyderabad,171,2024-01-13,2024-01-20,Delayed,1506.4950779729636,Bike
50,1686,Mumbai,Chennai,1617,2024-01-23,2024-01-25,On-Time,21156.92079791098,Truck
51,1957,Mumbai,Pune,1295,2024-01-09,2024-01-14,On-Time,17140.925759199206,Van
52,1562,Delhi,Pune,1704,2024-01-21,2024-01-30,Delayed,15073.772734678209,Van
53,1875,Mumbai,Chennai,88,2024-01-06,2024-01-09,On-Time,844.0291404922792,Truck
54,1566,Mumbai,Chennai,546,2024-01-26,2024-02-04,Delayed,4385.940964037085,Van
55,1243,Delhi,Hyderabad,829,2024-01-30,2024-02-05,Delayed,11875.879942096097,Bike
56,1831,Bangalore,Pune,1306,2024-01-28,2024-02-01,On-Time,8079.487580585039,Truck
57,1504,Bangalore,Chennai,992,2024-01-12,2024-01-19,Delayed,14222.794276174582,Truck
58,1130,Delhi,Pune,1603,2024-01-02,2024-01-10,Delayed,18977.379222920554,Bike
59,1484,Delhi,Chennai,198,2024-01-03,2024-01-09,Delayed,2042.512862319728,Bike
60,1818,Delhi,Chennai,1470,2024-01-03,2024-01-08,On-Time,7830.0881935320895,Bike
61,1646,Delhi,Pune,1071,2024-01-28,2024-02-03,Delayed,10448.63521441371,Truck
62,1020,Delhi,Chennai,710,2024-01-12,2024-01-17,On-Time,6445.0115455194,Bike
63,1840,Bangalore,Chennai,1711,2024-01-15,2024-01-23,Delayed,11313.453872894346,Bike
64,1166,Bangalore,Hyderabad,1977,2024-01-09,2024-01-10,On-Time,22862.217861207988,Van
65,1273,Delhi,Chennai,351,2024-01-23,2024-01-30,Delayed,5163.739684862683,Van
66,1387,Mumbai,Chennai,1433,2024-01-08,2024-01-10,On-Time,15221.165662554646,Truck
67,1600,Delhi,Chennai,287,2024-01-11,2024-01-20,Delayed,3486.3419033941245,Van
68,1315,Mumbai,Hyderabad,696,2024-01-16,2024-01-17,On-Time,3956.415149859477,Van
69,1013,Delhi,Pune,712,2024-01-26,2024-02-01,Delayed,6533.789010217002,Bike
70,1241,Delhi,Hyderabad,285,2024-01-27,2024-02-05,Delayed,1756.6216827188134,Bike
71,1776,Bangalore,Hyderabad,1809,2024-01-25,2024-01-26,On-Time,20130.476664855472,Van
72,1345,Mumbai,Pune,252,2024-01-22,2024-01-26,On-Time,3624.9750386996698,Van
73,1564,Mumbai,Hyderabad,305,2024-01-04,2024-01-08,On-Time,3543.422084038498,Van
74,1897,Bangalore,Pune,647,2024-01-28,2024-02-06,Delayed,3731.9157225943077,Truck
75,1339,Bangalore,Hyderabad,711,2024-01-01,2024-01-06,On-Time,6076.676717443939,Truck
76,1091,Bangalore,Pune,284,2024-01-24,2024-01-29,On-Time,2983.883997612018,Truck
77,1366,Bangalore,Chennai,1418,2024-01-07,2024-01-13,Delayed,12807.485981969516,Van
78,1955,Mumbai,Hyderabad,583,2024-01-02,2024-01-03,On-Time,7775.144581070254,Van
79,1454,Mumbai,Hyderabad,909,2024-01-24,2024-01-25,On-Time,11950.359432813802,Truck
80,1427,Delhi,Hyderabad,1870,2024-01-28,2024-02-06,Delayed,20791.24007593024,Truck
81,1508,Delhi,Hyderabad,1854,2024-01-05,2024-01-08,On-Time,16193.910302760354,Van
82,1775,Bangalore,Chennai,1539,2024-01-07,2024-01-11,On-Time,11624.626792216328,Bike
83,1942,Bangalore,Hyderabad,819,2024-01-04,2024-01-05,On-Time,4962.1106661655285,Truck
84,1034,Bangalore,Chennai,590,2024-01-05,2024-01-14,Delayed,5043.896332570668,Van
85,1205,Delhi,Chennai,262,2024-01-24,2024-02-01,Delayed,2392.5119950842254,Van
86,1080,Delhi,Chennai,512,2024-01-01,2024-01-03,On-Time,6020.213376532856,Bike
87,1931,Delhi,Chennai,485,2024-01-01,2024-01-09,Delayed,5617.075147843231,Van
88,1561,Delhi,Pune,332,2024-01-15,2024-01-22,Delayed,1892.7590236089732,Van
89,1871,Delhi,Pune,1635,2024-01-20,2024-01-26,Delayed,14637.489807299431,Truck
90,1387,Delhi,Hyderabad,1680,2024-01-19,2024-01-20,On-Time,11453.88496925168,Truck
91,1001,Delhi,Pune,1536,2024-01-29,2024-02-05,Delayed,10088.643153666137,Bike
92,1389,Bangalore,Pune,1480,2024-01-10,2024-01-17,Delayed,19644.07181611124,Bike
93,1565,Bangalore,Hyderabad,137,2024-01-28,2024-02-06,Delayed,742.4238469012729,Van
94,1105,Bangalore,Hyderabad,1117,2024-01-18,2024-01-19,On-Time,10267.272723826694,Truck
95,1771,Bangalore,Hyderabad,510,2024-01-28,2024-01-30,On-Time,3407.8386444092425,Bike
96,1821,Delhi,Pune,327,2024-01-03,2024-01-12,Delayed,4510.40980526861,Bike
97,1476,Mumbai,Pune,1756,2024-01-11,2024-01-20,Delayed,18561.63141310962,Bike
98,1702,Delhi,Hyderabad,470,2024-01-15,2024-01-21,Delayed,3437.4889909711856,Van
99,1401,Mumbai,Chennai,1774,2024-01-27,2024-02-02,Delayed,17783.06007433152,Truck
100,1729,Bangalore,Hyderabad,1426,2024-01-30,2024-02-03,On-Time,17560.995489366433,Bike
101,1555,Delhi,Chennai,745,2024-01-11,2024-01-15,On-Time,10862.97916644978,Truck
102,1161,Bangalore,Chennai,564,2024-01-17,2024-01-22,On-Time,4063.3154639441627,Bike
103,1201,Delhi,Hyderabad,752,2024-01-17,2024-01-20,On-Time,10424.086926412676,Bike
104,1957,Bangalore,Hyderabad,1703,2024-01-06,2024-01-07,On-Time,24426.199064272358,Truck
105,1995,Mumbai,Hyderabad,68,2024-01-05,2024-01-06,On-Time,963.1659702818051,Truck
106,1269,Mumbai,Pune,72,2024-01-08,2024-01-15,Delayed,817.498336940575,Truck
107,1862,Mumbai,Chennai,462,2024-01-02,2024-01-03,On-Time,5219.77142348835,Van
108,1815,Delhi,Pune,1103,2024-01-16,2024-01-17,On-Time,9962.413284017566,Bike
109,1270,Mumbai,Pune,1880,2024-01-20,2024-01-23,On-Time,23545.080187311214,Van
110,1455,Delhi,Hyderabad,157,2024-01-24,2024-01-28,On-Time,1619.1316088109631,Truck
111,1461,Mumbai,Pune,1440,2024-01-12,2024-01-16,On-Time,16955.10822568744,Bike
112,1726,Mumbai,Hyderabad,1354,2024-01-06,2024-01-08,On-Time,12571.32001811269,Van
113,1251,Delhi,Chennai,1201,2024-01-01,2024-01-02,On-Time,14790.2725331581,Bike
114,1701,Delhi,Hyderabad,1302,2024-01-04,2024-01-07,On-Time,17244.61915921123,Van
115,1295,Mumbai,Pune,1184,2024-01-17,2024-01-21,On-Time,7653.805278177342,Truck
116,1724,Delhi,Pune,185,2024-01-13,2024-01-16,On-Time,2465.9199738123216,Van
117,1719,Mumbai,Hyderabad,411,2024-01-18,2024-01-26,Delayed,4275.618745658163,Bike
118,1748,Delhi,Hyderabad,1259,2024-01-05,2024-01-06,On-Time,16929.343795445922,Bike
119,1337,Bangalore,Pune,1729,2024-01-30,2024-02-01,On-Time,16102.206502636143,Bike
120,1878,Bangalore,Chennai,1657,2024-01-24,2024-01-31,Delayed,14565.700842796889,Bike
121,1052,Bangalore,Chennai,178,2024-01-24,2024-01-28,On-Time,2518.808103880656,Truck
122,1791,Bangalore,Hyderabad,1949,2024-01-27,2024-02-04,Delayed,14640.28902451834,Van
123,1921,Bangalore,Chennai,1334,2024-01-03,2024-01-06,On-Time,17931.79241931715,Truck
124,1216,Mumbai,Pune,564,2024-01-11,2024-01-17,Delayed,5549.876028953039,Truck
125,1763,Bangalore,Hyderabad,498,2024-01-13,2024-01-22,Delayed,5050.195303905273,Truck
126,1187,Bangalore,Pune,1973,2024-01-04,2024-01-05,On-Time,15951.07919378752,Bike
127,1379,Bangalore,Pune,1177,2024-01-26,2024-01-27,On-Time,12629.706701285815,Bike
128,1492,Bangalore,Chennai,1556,2024-01-27,2024-02-04,Delayed,12840.286214057847,Bike
129,1040,Delhi,Hyderabad,1297,2024-01-14,2024-01-17,On-Time,6994.324302714231,Van
130,1156,Mumbai,Hyderabad,1905,2024-01-22,2024-01-27,On-Time,14706.573431809982,Bike
131,1014,Bangalore,Chennai,923,2024-01-11,2024-01-12,On-Time,4673.878570642832,Van
132,1812,Bangalore,Pune,1939,2024-01-27,2024-02-01,On-Time,28665.299321032453,Bike
133,1064,Bangalore,Pune,1564,2024-01-10,2024-01-16,Delayed,22924.286361580853,Bike
134,1856,Mumbai,Pune,522,2024-01-19,2024-01-27,Delayed,4672.710652805432,Truck
135,1838,Delhi,Pune,1083,2024-01-18,2024-01-21,On-Time,13303.256352498367,Truck
136,1520,Mumbai,Hyderabad,1478,2024-01-06,2024-01-09,On-Time,12501.014134506082,Truck
137,1343,Delhi,Hyderabad,1969,2024-01-27,2024-02-05,Delayed,23058.824263022867,Van
138,1128,Bangalore,Chennai,351,2024-01-29,2024-02-02,On-Time,4582.059451091386,Van
139,1647,Bangalore,Chennai,280,2024-01-15,2024-01-19,On-Time,4050.917485138274,Bike
140,1471,Mumbai,Hyderabad,1804,2024-01-21,2024-01-28,Delayed,16239.829456328082,Van
141,1062,Mumbai,Hyderabad,972,2024-01-30,2024-02-01,On-Time,12473.656394332784,Bike
142,1138,Delhi,Pune,1139,2024-01-10,2024-01-18,Delayed,8723.925052699833,Van
143,1498,Delhi,Pune,986,2024-01-05,2024-01-11,Delayed,14694.676515405372,Van
144,1592,Mumbai,Chennai,161,2024-01-26,2024-01-29,On-Time,846.4890540106054,Van
145,1391,Delhi,Hyderabad,1086,2024-01-29,2024-02-07,Delayed,11984.322838602173,Truck
146,1674,Mumbai,Chennai,1466,2024-01-05,2024-01-10,On-Time,16998.357691008456,Van
147,1418,Delhi,Hyderabad,549,2024-01-10,2024-01-18,Delayed,6522.370108336967,Truck
148,1288,Mumbai,Pune,981,2024-01-28,2024-02-04,Delayed,6086.002147920964,Truck
149,1378,Mumbai,Chennai,647,2024-01-05,2024-01-13,Delayed,9307.287699071154,Van
150,1772,Mumbai,Chennai,283,2024-01-03,2024-01-10,Delayed,1927.7486797117344,Bike
151,1489,Delhi,Hyderabad,651,2024-01-23,2024-01-26,On-Time,7309.124655091365,Bike
152,1230,Delhi,Pune,363,2024-01-06,2024-01-08,On-Time,2623.3141672167985,Bike
153,1040,Delhi,Chennai,615,2024-01-04,2024-01-11,Delayed,4964.380964680816,Van
154,1027,Mumbai,Pune,1085,2024-01-18,2024-01-21,On-Time,11354.07517775015,Bike
155,1134,Delhi,Chennai,258,2024-01-28,2024-01-31,On-Time,2366.359019896607,Truck
156,1200,Delhi,Pune,1087,2024-01-09,2024-01-11,On-Time,7176.652282614624,Bike
157,1839,Mumbai,Hyderabad,1706,2024-01-17,2024-01-21,On-Time,11446.175025299672,Van
158,1779,Bangalore,Chennai,1491,2024-01-29,2024-02-06,Delayed,13689.538791507342,Bike
159,1929,Mumbai,Chennai,1510,2024-01-13,2024-01-14,On-Time,18984.972971960062,Truck
160,1032,Delhi,Pune,1450,2024-01-27,2024-01-28,On-Time,20270.487379292932,Van
161,1047,Mumbai,Pune,1093,2024-01-15,2024-01-20,On-Time,6384.515348495054,Bike
162,1502,Bangalore,Chennai,636,2024-01-30,2024-02-04,On-Time,5680.140852077791,Van
163,1406,Mumbai,Hyderabad,1985,2024-01-20,2024-01-21,On-Time,11914.8744398991,Van
164,1573,Delhi,Pune,1828,2024-01-17,2024-01-23,Delayed,9443.31054596389,Van
165,1727,Bangalore,Pune,1808,2024-01-13,2024-01-14,On-Time,21003.873782202736,Bike
166,1804,Delhi,Pune,1064,2024-01-16,2024-01-21,On-Time,11730.062062524494,Van
167,1098,Bangalore,Chennai,1143,2024-01-22,2024-01-31,Delayed,7578.3084709041495,Bike
168,1683,Bangalore,Chennai,1897,2024-01-04,2024-01-09,On-Time,13920.429443775427,Truck
169,1871,Mumbai,Chennai,1284,2024-01-05,2024-01-11,Delayed,6724.407556795616,Bike
170,1725,Mumbai,Chennai,1174,2024-01-05,2024-01-13,Delayed,15672.2801948523,Truck
171,1986,Delhi,Hyderabad,747,2024-01-09,2024-01-10,On-Time,11015.93875248268,Bike
172,1546,Mumbai,Hyderabad,181,2024-01-17,2024-01-19,On-Time,1150.1817615983905,Van
173,1960,Mumbai,Chennai,1696,2024-01-13,2024-01-22,Delayed,12405.819625459455,Bike
174,1738,Bangalore,Hyderabad,1454,2024-01-02,2024-01-05,On-Time,19896.67447818842,Van
175,1612,Mumbai,Pune,1205,2024-01-13,2024-01-19,Delayed,17188.888765372027,Truck
176,1942,Bangalore,Pune,1093,2024-01-22,2024-01-27,On-Time,10051.527294078438,Bike
177,1461,Bangalore,Pune,1979,2024-01-21,2024-01-23,On-Time,10896.818726204978,Van
178,1642,Bangalore,Chennai,585,2024-01-27,2024-02-03,Delayed,3155.4422271029935,Truck
179,1768,Delhi,Pune,1063,2024-01-23,2024-01-27,On-Time,11416.08707631358,Truck
180,1004,Delhi,Hyderabad,276,2024-01-19,2024-01-20,On-Time,2464.390500545174,Bike
181,1217,Delhi,Chennai,1227,2024-01-03,2024-01-07,On-Time,6486.5652863778205,Truck
182,1502,Bangalore,Hyderabad,1878,2024-01-10,2024-01-16,Delayed,20343.479927629814,Van
183,1766,Delhi,Pune,1815,2024-01-02,2024-01-09,Delayed,9280.141039090759,Truck
184,1397,Delhi,Pune,1542,2024-01-13,2024-01-20,Delayed,19851.275594661787,Truck
185,1870,Mumbai,Pune,871,2024-01-19,2024-01-26,Delayed,7024.029885746367,Van
186,1794,Delhi,Chennai,920,2024-01-26,2024-01-29,On-Time,4970.373627684935,Truck
187,1392,Delhi,Hyderabad,454,2024-01-17,2024-01-23,Delayed,4941.119083263516,Truck
188,1206,Bangalore,Chennai,251,2024-01-21,2024-01-29,Delayed,2253.1878802269675,Truck
189,1014,Bangalore,Chennai,87,2024-01-14,2024-01-18,On-Time,1282.2063596207201,Truck
190,1857,Bangalore,Pune,991,2024-01-12,2024-01-20,Delayed,10348.008745411687,Van
191,1553,Bangalore,Chennai,1845,2024-01-21,2024-01-23,On-Time,14303.162890132804,Truck
192,1891,Bangalore,Chennai,237,2024-01-12,2024-01-21,Delayed,2866.3701091825205,Van
193,1460,Bangalore,Pune,1130,2024-01-11,2024-01-20,Delayed,8717.859628732638,Truck
194,1690,Delhi,Chennai,990,2024-01-07,2024-01-15,Delayed,13902.008584934894,Truck
195,1574,Bangalore,Pune,1093,2024-01-04,2024-01-05,On-Time,9560.711137645625,Truck
196,1863,Bangalore,Pune,322,2024-01-19,2024-01-21,On-Time,3380.576772139381,Truck
197,1742,Mumbai,Pune,1192,2024-01-01,2024-01-07,Delayed,6562.831397584808,Van
198,1240,Delhi,Pune,632,2024-01-28,2024-02-02,On-Time,5853.0862238580985,Van
199,1563,Delhi,Chennai,565,2024-01-24,2024-02-02,Delayed,7527.853999084621,Van
200,1095,Delhi,Pune,1294,2024-01-29,2024-02-03,On-Time,16895.095541401646,Bike
201,1899,Bangalore,Pune,575,2024-01-03,2024-01-05,On-Time,4164.831713407776,Truck
202,1733,Bangalore,Chennai,1588,2024-01-13,2024-01-17,On-Time,11530.135647647736,Truck
203,1484,Bangalore,Chennai,1801,2024-01-15,2024-01-24,Delayed,23724.668672960393,Van
204,1406,Mumbai,Hyderabad,1814,2024-01-02,2024-01-03,On-Time,25947.427341871567,Bike
205,1230,Bangalore,Chennai,385,2024-01-11,2024-01-12,On-Time,2292.1395469010636,Truck
206,1748,Mumbai,Chennai,747,2024-01-04,2024-01-11,Delayed,7096.938036513903,Van
207,1654,Delhi,Hyderabad,1128,2024-01-19,2024-01-22,On-Time,9446.484266716503,Truck
208,1170,Bangalore,Chennai,549,2024-01-29,2024-01-31,On-Time,7525.0796204613425,Truck
209,1540,Mumbai,Chennai,949,2024-01-17,2024-01-26,Delayed,5537.651440313378,Van
210,1035,Mumbai,Chennai,1961,2024-01-03,2024-01-06,On-Time,13945.179733563113,Van
211,1524,Bangalore,Chennai,815,2024-01-28,2024-01-30,On-Time,10207.616951329928,Truck
212,1159,Delhi,Hyderabad,585,2024-01-18,2024-01-26,Delayed,3225.069016540111,Truck
213,1838,Delhi,Chennai,211,2024-01-08,2024-01-14,Delayed,2094.2496533071503,Van
214,1698,Delhi,Chennai,1743,2024-01-22,2024-01-28,Delayed,16420.92561446752,Truck
215,1242,Mumbai,Hyderabad,643,2024-01-25,2024-02-01,Delayed,5365.199580897654,Truck
216,1085,Mumbai,Pune,1988,2024-01-24,2024-01-31,Delayed,17784.097628540207,Van
217,1795,Mumbai,Hyderabad,208,2024-01-26,2024-02-01,Delayed,2142.2764208148847,Truck
218,1577,Mumbai,Pune,1261,2024-01-19,2024-01-23,On-Time,8339.842389277512,Truck
219,1681,Delhi,Hyderabad,109,2024-01-05,2024-01-14,Delayed,1168.4755073291162,Bike
220,1556,Bangalore,Hyderabad,964,2024-01-07,2024-01-13,Delayed,12584.367654451868,Van
221,1573,Mumbai,Chennai,1890,2024-01-21,2024-01-25,On-Time,23817.041573034003,Bike
222,1952,Mumbai,Pune,1392,2024-01-08,2024-01-11,On-Time,9102.28667333733,Bike
223,1645,Delhi,Chennai,1951,2024-01-28,2024-02-01,On-Time,12666.857154656156,Bike
224,1795,Bangalore,Pune,260,2024-01-05,2024-01-08,On-Time,1997.2533561367745,Truck
225,1027,Bangalore,Hyderabad,455,2024-01-17,2024-01-19,On-Time,3917.8900048517194,Truck
226,1619,Delhi,Hyderabad,713,2024-01-05,2024-01-10,On-Time,6477.288295442481,Bike
227,1555,Delhi,Pune,1182,2024-01-04,2024-01-06,On-Time,13944.02110297014,Bike
228,1339,Bangalore,Chennai,1149,2024-01-22,2024-01-28,Delayed,6396.258165585449,Bike
229,1797,Mumbai,Chennai,591,2024-01-19,2024-01-22,On-Time,3159.9156819760524,Truck
230,1957,Bangalore,Chennai,1387,2024-01-27,2024-02-02,Delayed,12370.79950803202,Bike
231,1330,Delhi,Chennai,1047,2024-01-21,2024-01-30,Delayed,12534.303856684655,Bike
232,1639,Mumbai,Hyderabad,1190,2024-01-02,2024-01-03,On-Time,8251.880581182144,Van
233,1505,Mumbai,Hyderabad,976,2024-01-11,2024-01-17,Delayed,11141.083737061017,Van
234,1347,Delhi,Hyderabad,917,2024-01-22,2024-01-31,Delayed,6967.624024912546,Truck
235,1472,Delhi,Hyderabad,1777,2024-01-13,2024-01-17,On-Time,24630.750153616184,Van
236,1230,Delhi,Hyderabad,68,2024-01-15,2024-01-17,On-Time,949.0691621012992,Van
237,1189,Bangalore,Chennai,481,2024-01-12,2024-01-16,On-Time,3834.9514525931804,Van
238,1224,Bangalore,Chennai,1758,2024-01-22,2024-01-23,On-Time,12833.29019467377,Truck
239,1384,Mumbai,Chennai,789,2024-01-21,2024-01-24,On-Time,7190.188339602565,Van
240,1376,Delhi,Chennai,1423,2024-01-22,2024-01-31,Delayed,10537.764457113515,Truck
241,1282,Mumbai,Hyderabad,232,2024-01-11,2024-01-16,On-Time,2719.9305164367524,Bike
242,1957,Mumbai,Hyderabad,162,2024-01-07,2024-01-13,Delayed,2148.2247889682226,Van
243,1632,Mumbai,Hyderabad,1256,2024-01-28,2024-01-31,On-Time,14734.037164244884,Truck
244,1627,Mumbai,Pune,530,2024-01-05,2024-01-10,On-Time,7019.057370421552,Van
245,1972,Delhi,Chennai,1219,2024-01-17,2024-01-25,Delayed,10934.334457309109,Bike
246,1744,Mumbai,Chennai,880,2024-01-24,2024-01-30,Delayed,5775.589342237975,Truck
247,1258,Delhi,Hyderabad,1701,2024-01-20,2024-01-24,On-Time,21057.545615233044,Truck
248,1358,Delhi,Chennai,1186,2024-01-09,2024-01-11,On-Time,10205.227630978829,Truck
249,1709,Bangalore,Chennai,812,2024-01-14,2024-01-23,Delayed,9510.719100860555,Bike
250,1455,Delhi,Hyderabad,525,2024-01-26,2024-01-27,On-Time,4045.8806954042698,Bike
251,1410,Bangalore,Pune,812,2024-01-12,2024-01-13,On-Time,4719.584634630182,Bike
252,1648,Delhi,Pune,1376,2024-01-06,2024-01-10,On-Time,20537.925505911622,Truck
253,1317,Delhi,Pune,1020,2024-01-17,2024-01-24,Delayed,6693.255380892112,Bike
254,1676,Delhi,Hyderabad,1898,2024-01-19,2024-01-20,On-Time,28250.23046542687,Van
255,1224,Bangalore,Chennai,1069,2024-01-19,2024-01-28,Delayed,15792.122479135322,Bike
256,1818,Bangalore,Hyderabad,1191,2024-01-26,2024-01-30,On-Time,15409.373617544752,Truck
257,1233,Mumbai,Hyderabad,1886,2024-01-16,2024-01-19,On-Time,21866.717064866472,Van
258,1683,Bangalore,Chennai,210,2024-01-12,2024-01-13,On-Time,2263.3948055272776,Bike
259,1663,Bangalore,Pune,450,2024-01-12,2024-01-16,On-Time,6147.456954200256,Van
260,1974,Bangalore,Pune,247,2024-01-20,2024-01-29,Delayed,1949.9156184001351,Van
261,1826,Bangalore,Hyderabad,1333,2024-01-06,2024-01-12,Delayed,12899.19056242341,Truck
262,1373,Mumbai,Pune,709,2024-01-23,2024-01-29,Delayed,7936.4748828084985,Van
263,1671,Bangalore,Hyderabad,1825,2024-01-26,2024-01-27,On-Time,16629.226184618212,Van
264,1607,Delhi,Hyderabad,1120,2024-01-04,2024-01-06,On-Time,10387.848285811002,Truck
265,1471,Delhi,Chennai,448,2024-01-06,2024-01-12,Delayed,3719.6753104093386,Truck
266,1232,Bangalore,Chennai,1783,2024-01-11,2024-01-13,On-Time,18975.253291485278,Truck
267,1691,Bangalore,Chennai,1632,2024-01-01,2024-01-04,On-Time,22041.376297206694,Van
268,1112,Delhi,Hyderabad,127,2024-01-30,2024-02-03,On-Time,890.9410400680174,Van
269,1829,Delhi,Chennai,173,2024-01-24,2024-01-29,On-Time,2481.5691570434537,Van
270,1496,Mumbai,Pune,124,2024-01-23,2024-02-01,Delayed,1474.4686906478046,Truck
271,1441,Delhi,Pune,1944,2024-01-15,2024-01-19,On-Time,25724.43125449979,Bike
272,1563,Delhi,Hyderabad,186,2024-01-27,2024-02-05,Delayed,1964.5146882918216,Van
273,1267,Bangalore,Hyderabad,651,2024-01-11,2024-01-14,On-Time,8329.653726270653,Bike
274,1509,Delhi,Chennai,1473,2024-01-25,2024-02-02,Delayed,7603.631852810352,Truck
275,1806,Mumbai,Hyderabad,886,2024-01-19,2024-01-20,On-Time,11680.850563546683,Van
276,1385,Delhi,Hyderabad,1578,2024-01-18,2024-01-27,Delayed,8523.391196367083,Bike
277,1386,Bangalore,Pune,549,2024-01-17,2024-01-26,Delayed,7630.624436232115,Van
278,1112,Bangalore,Pune,1646,2024-01-19,2024-01-21,On-Time,24557.706819548068,Van
279,1612,Delhi,Chennai,187,2024-01-21,2024-01-25,On-Time,1484.9061542705745,Van
280,1624,Bangalore,Hyderabad,99,2024-01-14,2024-01-22,Delayed,703.2153707229356,Bike
281,1951,Mumbai,Hyderabad,1844,2024-01-27,2024-02-03,Delayed,23333.300429542272,Truck
282,1080,Mumbai,Pune,1022,2024-01-18,2024-01-19,On-Time,7695.929204204987,Van
283,1698,Delhi,Hyderabad,1692,2024-01-28,2024-02-02,On-Time,23105.315523273683,Truck
284,1112,Delhi,Pune,1698,2024-01-19,2024-01-26,Delayed,10236.267214833955,Truck
285,1001,Delhi,Chennai,1935,2024-01-15,2024-01-19,On-Time,12112.233049940583,Bike
286,1641,Bangalore,Pune,303,2024-01-15,2024-01-16,On-Time,4481.829211954865,Bike
287,1219,Mumbai,Hyderabad,1703,2024-01-04,2024-01-13,Delayed,19990.47643753818,Truck
288,1565,Mumbai,Chennai,759,2024-01-07,2024-01-12,On-Time,10222.874033415752,Van
289,1854,Bangalore,Pune,1922,2024-01-13,2024-01-15,On-Time,15843.610632696176,Bike
290,1996,Mumbai,Pune,1950,2024-01-03,2024-01-11,Delayed,22941.433115651787,Van
291,1735,Delhi,Chennai,612,2024-01-16,2024-01-18,On-Time,6696.759983128614,Van
292,1224,Delhi,Chennai,806,2024-01-09,2024-01-12,On-Time,8891.389968190953,Van
293,1384,Delhi,Pune,1988,2024-01-08,2024-01-09,On-Time,23508.745295609904,Truck
294,1402,Mumbai,Hyderabad,1499,2024-01-20,2024-01-22,On-Time,16119.634005205187,Van
295,1637,Delhi,Pune,596,2024-01-13,2024-01-20,Delayed,5537.211721043889,Truck
296,1129,Bangalore,Chennai,1375,2024-01-17,2024-01-19,On-Time,10668.93704773252,Truck
297,1052,Bangalore,Pune,971,2024-01-17,2024-01-23,Delayed,12317.92472316719,Van
298,1683,Mumbai,Chennai,630,2024-01-17,2024-01-20,On-Time,4575.516309020073,Van
299,1729,Bangalore,Chennai,1422,2024-01-01,2024-01-05,On-Time,16955.278233515768,Van
300,1671,Bangalore,Hyderabad,1905,2024-01-08,2024-01-16,Delayed,13969.990271469673,Van
301,1709,Mumbai,Chennai,98,2024-01-19,2024-01-22,On-Time,1102.823566555365,Truck
302,1415,Delhi,Chennai,966,2024-01-06,2024-01-12,Delayed,12046.77606046642,Van
303,1246,Delhi,Hyderabad,1147,2024-01-03,2024-01-04,On-Time,8243.648305758004,Van
304,1835,Delhi,Chennai,753,2024-01-27,2024-02-03,Delayed,4216.373055485651,Truck
305,1438,Mumbai,Hyderabad,310,2024-01-05,2024-01-13,Delayed,1956.0186032819397,Bike
306,1202,Bangalore,Hyderabad,405,2024-01-13,2024-01-21,Delayed,4479.287717447653,Bike
307,1183,Delhi,Chennai,1655,2024-01-15,2024-01-18,On-Time,22333.33802303592,Truck
308,1122,Delhi,Chennai,1675,2024-01-14,2024-01-15,On-Time,9128.696755693358,Bike
309,1400,Mumbai,Pune,1333,2024-01-29,2024-02-07,Delayed,16451.236283025144,Truck
310,1766,Delhi,Hyderabad,687,2024-01-23,2024-01-29,Delayed,5779.859097676857,Van
311,1293,Mumbai,Pune,792,2024-01-16,2024-01-25,Delayed,7749.9446897626185,Van
312,1279,Bangalore,Chennai,1368,2024-01-18,2024-01-25,Delayed,19546.798641887337,Bike
313,1836,Mumbai,Pune,1059,2024-01-22,2024-01-23,On-Time,8810.578235152603,Van
314,1883,Mumbai,Hyderabad,980,2024-01-29,2024-01-30,On-Time,9460.301952606964,Bike
315,1609,Mumbai,Pune,690,2024-01-22,2024-01-28,Delayed,3544.4086618486995,Bike
316,1197,Mumbai,Hyderabad,841,2024-01-11,2024-01-16,On-Time,4891.245235240691,Van
317,1981,Bangalore,Chennai,1386,2024-01-03,2024-01-12,Delayed,10514.079453128106,Van
318,1906,Bangalore,Chennai,661,2024-01-22,2024-01-24,On-Time,3489.1033118273017,Bike
319,1510,Delhi,Hyderabad,1911,2024-01-10,2024-01-18,Delayed,21620.58248078208,Van
320,1751,Bangalore,Chennai,858,2024-01-10,2024-01-15,On-Time,7948.497901357921,Truck
321,1143,Bangalore,Chennai,1255,2024-01-30,2024-02-01,On-Time,13154.222294236675,Van
322,1608,Delhi,Chennai,735,2024-01-21,2024-01-27,Delayed,4958.6568163380225,Van
323,1200,Bangalore,Chennai,1901,2024-01-16,2024-01-24,Delayed,15130.667879590073,Truck
324,1123,Mumbai,Hyderabad,1437,2024-01-12,2024-01-16,On-Time,16724.15770363366,Van
325,1186,Mumbai,Pune,237,2024-01-02,2024-01-04,On-Time,3472.7674550040474,Van
326,1325,Delhi,Pune,1642,2024-01-09,2024-01-14,On-Time,9037.843422548274,Bike
327,1463,Delhi,Chennai,1616,2024-01-24,2024-01-26,On-Time,22468.6106250211,Van
328,1348,Delhi,Pune,1669,2024-01-03,2024-01-05,On-Time,17973.14724988407,Van
329,1770,Mumbai,Pune,1737,2024-01-24,2024-01-30,Delayed,18480.282874545184,Truck
330,1659,Bangalore,Chennai,1034,2024-01-30,2024-02-08,Delayed,10342.880054048243,Bike
331,1763,Mumbai,Chennai,597,2024-01-25,2024-01-29,On-Time,3399.282692847975,Bike
332,1954,Delhi,Pune,774,2024-01-30,2024-02-05,Delayed,4565.646832437883,Bike
333,1931,Bangalore,Hyderabad,975,2024-01-15,2024-01-22,Delayed,10733.89205517609,Van
334,1402,Bangalore,Chennai,1481,2024-01-03,2024-01-09,Delayed,12454.596442960617,Bike
335,1345,Mumbai,Hyderabad,925,2024-01-19,2024-01-27,Delayed,13109.729615843546,Truck
336,1962,Delhi,Pune,667,2024-01-18,2024-01-22,On-Time,6046.958884187679,Bike
337,1510,Mumbai,Chennai,463,2024-01-08,2024-01-09,On-Time,2978.3931537932285,Truck
338,1146,Bangalore,Hyderabad,1415,2024-01-26,2024-02-02,Delayed,17188.27149405381,Bike
339,1147,Mumbai,Chennai,1293,2024-01-17,2024-01-20,On-Time,10258.059739232258,Bike
340,1863,Mumbai,Pune,952,2024-01-08,2024-01-14,Delayed,9762.477326028104,Truck
341,1710,Delhi,Hyderabad,212,2024-01-07,2024-01-09,On-Time,2539.4055052709605,Bike
342,1819,Delhi,Pune,1293,2024-01-30,2024-02-08,Delayed,18105.41495784277,Bike
343,1488,Bangalore,Pune,319,2024-01-07,2024-01-08,On-Time,4122.089911417346,Bike
344,1928,Mumbai,Chennai,681,2024-01-03,2024-01-09,Delayed,8011.018872213252,Van
345,1935,Mumbai,Hyderabad,955,2024-01-01,2024-01-07,Delayed,11265.496891873621,Truck
346,1639,Mumbai,Pune,1921,2024-01-04,2024-01-09,On-Time,27776.21241185638,Bike
347,1550,Bangalore,Pune,1473,2024-01-25,2024-01-30,On-Time,11722.488956123976,Truck
348,1337,Bangalore,Hyderabad,1255,2024-01-05,2024-01-06,On-Time,6288.956782162151,Truck
349,1871,Delhi,Pune,1691,2024-01-01,2024-01-06,On-Time,13053.75159942354,Truck
350,1640,Delhi,Pune,1802,2024-01-15,2024-01-17,On-Time,12936.402660873928,Bike
351,1778,Delhi,Hyderabad,254,2024-01-05,2024-01-12,Delayed,2951.059846189555,Bike
352,1987,Mumbai,Hyderabad,631,2024-01-13,2024-01-16,On-Time,7153.720194520489,Truck
353,1952,Mumbai,Hyderabad,1629,2024-01-08,2024-01-12,On-Time,17812.485924259952,Van
354,1472,Delhi,Hyderabad,890,2024-01-08,2024-01-11,On-Time,4594.566644564138,Truck
355,1945,Mumbai,Chennai,1886,2024-01-05,2024-01-08,On-Time,23174.754106939214,Van
356,1150,Delhi,Hyderabad,1301,2024-01-28,2024-02-01,On-Time,10714.130666436244,Truck
357,1414,Bangalore,Chennai,1769,2024-01-09,2024-01-14,On-Time,20609.840445527305,Truck
358,1989,Delhi,Chennai,1692,2024-01-01,2024-01-02,On-Time,17877.307010256434,Truck
359,1297,Bangalore,Chennai,645,2024-01-04,2024-01-08,On-Time,5435.614469010001,Bike
360,1610,Mumbai,Pune,1923,2024-01-03,2024-01-11,Delayed,12202.901616411991,Van
361,1262,Delhi,Chennai,299,2024-01-02,2024-01-09,Delayed,1777.3125040048383,Van
362,1763,Mumbai,Chennai,924,2024-01-08,2024-01-17,Delayed,12303.229397956944,Truck
363,1143,Bangalore,Pune,1514,2024-01-23,2024-01-28,On-Time,21474.538787114787,Bike
364,1345,Bangalore,Pune,1606,2024-01-09,2024-01-13,On-Time,18465.596031034653,Bike
365,1623,Bangalore,Pune,245,2024-01-02,2024-01-10,Delayed,1478.4135814081842,Van
366,1571,Mumbai,Hyderabad,739,2024-01-14,2024-01-23,Delayed,6665.981132804099,Bike
367,1880,Mumbai,Pune,1592,2024-01-14,2024-01-21,Delayed,19564.712065674103,Van
368,1001,Mumbai,Pune,1143,2024-01-04,2024-01-11,Delayed,14628.352704235078,Van
369,1896,Mumbai,Chennai,688,2024-01-30,2024-02-04,On-Time,4253.344121362689,Van
370,1303,Bangalore,Pune,1472,2024-01-06,2024-01-10,On-Time,7360.452181404029,Bike
371,1253,Bangalore,Hyderabad,721,2024-01-11,2024-01-12,On-Time,8739.508100799161,Van
372,1651,Delhi,Pune,1833,2024-01-03,2024-01-10,Delayed,15701.407905827147,Van
373,1452,Delhi,Hyderabad,1276,2024-01-08,2024-01-09,On-Time,9627.181791449,Truck
374,1036,Mumbai,Pune,1221,2024-01-03,2024-01-04,On-Time,6262.4781061301055,Van
375,1159,Bangalore,Pune,1545,2024-01-14,2024-01-19,On-Time,16072.62583446517,Van
376,1008,Bangalore,Pune,1728,2024-01-28,2024-02-06,Delayed,23347.884708160964,Truck
377,1232,Bangalore,Pune,993,2024-01-13,2024-01-19,Delayed,14474.282247486799,Truck
378,1098,Delhi,Hyderabad,248,2024-01-13,2024-01-16,On-Time,2643.0474775209573,Bike
379,1658,Delhi,Hyderabad,1990,2024-01-02,2024-01-05,On-Time,20187.780422023894,Van
380,1815,Bangalore,Chennai,1499,2024-01-13,2024-01-20,Delayed,8769.995218483724,Bike
381,1207,Bangalore,Hyderabad,1739,2024-01-29,2024-02-04,Delayed,18239.89801882581,Bike
382,1130,Bangalore,Pune,541,2024-01-19,2024-01-28,Delayed,4760.686817202785,Truck
383,1403,Delhi,Chennai,1961,2024-01-27,2024-02-02,Delayed,21710.92285812694,Bike
384,1151,Bangalore,Chennai,945,2024-01-06,2024-01-11,On-Time,8398.463987433366,Van
385,1053,Bangalore,Chennai,191,2024-01-16,2024-01-23,Delayed,1413.9713257902004,Truck
386,1119,Mumbai,Pune,1386,2024-01-02,2024-01-03,On-Time,8246.218714665298,Van
387,1672,Mumbai,Hyderabad,214,2024-01-08,2024-01-15,Delayed,1743.925471420237,Van
388,1919,Delhi,Pune,363,2024-01-17,2024-01-20,On-Time,2165.820748464541,Truck
389,1627,Bangalore,Chennai,70,2024-01-23,2024-02-01,Delayed,473.8278655767888,Van
390,1586,Bangalore,Pune,1155,2024-01-02,2024-01-08,Delayed,17178.732631593757,Truck
391,1624,Mumbai,Pune,1654,2024-01-10,2024-01-19,Delayed,15615.472831235475,Van
392,1967,Delhi,Hyderabad,1204,2024-01-28,2024-02-02,On-Time,12423.7360687204,Truck
393,1419,Mumbai,Hyderabad,1672,2024-01-16,2024-01-23,Delayed,22966.90180048624,Bike
394,1421,Mumbai,Chennai,1803,2024-01-06,2024-01-10,On-Time,26965.107275847102,Van
395,1103,Mumbai,Pune,1033,2024-01-28,2024-02-04,Delayed,11184.44026173056,Truck
396,1851,Mumbai,Pune,354,2024-01-02,2024-01-03,On-Time,4646.157326496367,Van
397,1253,Bangalore,Hyderabad,1988,2024-01-02,2024-01-09,Delayed,16439.587563813104,Van
398,1226,Bangalore,Pune,420,2024-01-26,2024-02-03,Delayed,3384.1246212786223,Van
399,1111,Mumbai,Pune,1930,2024-01-13,2024-01-18,On-Time,17422.181815195014,Truck
400,1509,Delhi,Pune,902,2024-01-24,2024-01-26,On-Time,10576.015509316316,Bike
401,1472,Delhi,Hyderabad,433,2024-01-15,2024-01-20,On-Time,5118.890014474578,Bike
402,1098,Delhi,Chennai,1981,2024-01-28,2024-02-03,Delayed,16149.893200405619,Bike
403,1152,Delhi,Chennai,494,2024-01-02,2024-01-04,On-Time,3128.0570252349453,Truck
404,1860,Mumbai,Pune,474,2024-01-07,2024-01-13,Delayed,5367.558255646511,Bike
405,1913,Bangalore,Chennai,210,2024-01-03,2024-01-09,Delayed,1319.4843105964055,Truck
406,1895,Delhi,Hyderabad,1251,2024-01-08,2024-01-09,On-Time,13491.94127794892,Van
407,1877,Mumbai,Hyderabad,678,2024-01-23,2024-01-24,On-Time,8091.402028221775,Van
408,1337,Delhi,Chennai,1781,2024-01-14,2024-01-17,On-Time,21382.890750785184,Bike
409,1705,Delhi,Chennai,944,2024-01-24,2024-01-27,On-Time,11832.776724626592,Truck
410,1821,Mumbai,Pune,539,2024-01-30,2024-02-03,On-Time,7399.712282238932,Van
411,1162,Bangalore,Chennai,1066,2024-01-23,2024-01-25,On-Time,10659.562854344646,Truck
412,1719,Bangalore,Pune,376,2024-01-27,2024-02-05,Delayed,4625.736952631188,Truck
413,1956,Mumbai,Pune,647,2024-01-22,2024-01-29,Delayed,7241.047597816963,Van
414,1680,Bangalore,Hyderabad,1064,2024-01-29,2024-02-05,Delayed,7305.848959447343,Truck
415,1995,Mumbai,Hyderabad,338,2024-01-07,2024-01-13,Delayed,1776.8309996585997,Van
416,1160,Mumbai,Hyderabad,642,2024-01-21,2024-01-24,On-Time,5036.755696045915,Van
417,1579,Mumbai,Hyderabad,1737,2024-01-07,2024-01-13,Delayed,16380.495479084448,Van
418,1800,Bangalore,Chennai,1646,2024-01-01,2024-01-09,Delayed,18387.56384529568,Truck
419,1397,Mumbai,Hyderabad,622,2024-01-17,2024-01-25,Delayed,8396.747035729937,Van
420,1276,Delhi,Chennai,1427,2024-01-09,2024-01-18,Delayed,9935.426377396983,Truck
421,1815,Bangalore,Hyderabad,77,2024-01-30,2024-01-31,On-Time,481.6733382218274,Van
422,1915,Bangalore,Chennai,1003,2024-01-21,2024-01-22,On-Time,14678.703873167506,Van
423,1503,Bangalore,Pune,92,2024-01-13,2024-01-16,On-Time,559.4009946262945,Bike
424,1895,Bangalore,Chennai,1754,2024-01-21,2024-01-24,On-Time,17162.7333696801,Bike
425,1391,Delhi,Chennai,472,2024-01-19,2024-01-27,Delayed,5123.860799904384,Bike
426,1134,Bangalore,Hyderabad,1671,2024-01-21,2024-01-22,On-Time,17401.36657336329,Truck
427,1194,Bangalore,Chennai,226,2024-01-19,2024-01-21,On-Time,1324.4326748944518,Truck
428,1400,Mumbai,Pune,578,2024-01-25,2024-01-27,On-Time,3219.61556294092,Van
429,1639,Bangalore,Pune,1683,2024-01-25,2024-01-28,On-Time,10190.28608416923,Van
430,1032,Delhi,Hyderabad,1015,2024-01-22,2024-01-28,Delayed,11018.714991307017,Van
431,1687,Delhi,Pune,1567,2024-01-17,2024-01-18,On-Time,16364.884389229812,Van
432,1459,Delhi,Chennai,247,2024-01-23,2024-01-25,On-Time,1812.3397563307583,Truck
433,1954,Delhi,Pune,659,2024-01-23,2024-01-24,On-Time,7497.931594762448,Van
434,1882,Bangalore,Hyderabad,1650,2024-01-30,2024-02-04,On-Time,21781.113783918216,Van
435,1469,Bangalore,Chennai,891,2024-01-10,2024-01-17,Delayed,4825.468532233151,Bike
436,1374,Delhi,Hyderabad,902,2024-01-10,2024-01-18,Delayed,9003.132090803341,Van
437,1021,Delhi,Chennai,1590,2024-01-04,2024-01-05,On-Time,18910.035552432775,Van
438,1749,Bangalore,Pune,1587,2024-01-08,2024-01-15,Delayed,11939.190282595933,Van
439,1669,Delhi,Hyderabad,71,2024-01-22,2024-01-27,On-Time,573.5173427581359,Truck
440,1037,Mumbai,Hyderabad,1185,2024-01-20,2024-01-21,On-Time,13196.609150424198,Bike
441,1229,Delhi,Chennai,1130,2024-01-20,2024-01-23,On-Time,15796.668815914227,Van
442,1364,Delhi,Hyderabad,1139,2024-01-18,2024-01-25,Delayed,14920.039147250023,Van
443,1562,Mumbai,Chennai,891,2024-01-14,2024-01-15,On-Time,9650.69025217729,Bike
444,1437,Mumbai,Chennai,147,2024-01-18,2024-01-25,Delayed,1808.4259251031565,Van
445,1775,Bangalore,Chennai,1217,2024-01-28,2024-02-02,On-Time,10524.88946242891,Truck
446,1282,Bangalore,Chennai,1953,2024-01-14,2024-01-15,On-Time,22283.056763768738,Van
447,1026,Mumbai,Pune,484,2024-01-20,2024-01-21,On-Time,4676.318901057376,Truck
448,1225,Mumbai,Chennai,686,2024-01-21,2024-01-22,On-Time,4732.961896098868,Truck
449,1276,Bangalore,Hyderabad,1752,2024-01-24,2024-02-02,Delayed,21054.454558329544,Van
450,1797,Delhi,Pune,1159,2024-01-15,2024-01-18,On-Time,12244.425146872847,Bike
451,1608,Mumbai,Hyderabad,637,2024-01-22,2024-01-27,On-Time,5469.419477044377,Truck
452,1283,Bangalore,Pune,393,2024-01-30,2024-02-08,Delayed,5546.563017009019,Bike
453,1878,Delhi,Chennai,1367,2024-01-04,2024-01-10,Delayed,7121.169390691443,Van
454,1959,Mumbai,Pune,620,2024-01-13,2024-01-22,Delayed,5057.793537746876,Truck
455,1480,Delhi,Pune,1723,2024-01-27,2024-02-04,Delayed,9595.06648370885,Van
456,1452,Bangalore,Hyderabad,660,2024-01-23,2024-01-31,Delayed,8359.08028706274,Bike
457,1828,Mumbai,Hyderabad,1777,2024-01-08,2024-01-09,On-Time,21361.449459602096,Van
458,1815,Delhi,Chennai,292,2024-01-18,2024-01-27,Delayed,2427.5484787100454,Van
459,1658,Mumbai,Pune,1904,2024-01-12,2024-01-18,Delayed,22384.62165802267,Truck
460,1515,Delhi,Pune,610,2024-01-23,2024-02-01,Delayed,5465.217079795294,Van
461,1546,Bangalore,Pune,1009,2024-01-14,2024-01-17,On-Time,12675.600755452362,Van
462,1191,Bangalore,Chennai,81,2024-01-02,2024-01-05,On-Time,772.888766816732,Van
463,1048,Mumbai,Chennai,440,2024-01-18,2024-01-24,Delayed,4014.0308024593282,Truck
464,1511,Delhi,Chennai,326,2024-01-24,2024-02-02,Delayed,4677.219524491861,Bike
465,1016,Mumbai,Chennai,581,2024-01-02,2024-01-09,Delayed,4362.6075703649685,Bike
466,1171,Mumbai,Chennai,1227,2024-01-11,2024-01-14,On-Time,7612.888861757858,Van
467,1219,Delhi,Hyderabad,432,2024-01-09,2024-01-12,On-Time,4685.2262492808595,Truck
468,1157,Delhi,Pune,1141,2024-01-12,2024-01-14,On-Time,16764.96187816248,Van
469,1476,Delhi,Pune,1951,2024-01-17,2024-01-26,Delayed,17126.643059817412,Bike
470,1045,Bangalore,Pune,933,2024-01-15,2024-01-18,On-Time,5243.803004656532,Truck
471,1372,Mumbai,Pune,263,2024-01-25,2024-01-30,On-Time,2207.3728530241624,Bike
472,1517,Mumbai,Pune,1728,2024-01-17,2024-01-26,Delayed,17382.49898664197,Bike
473,1098,Bangalore,Pune,425,2024-01-26,2024-02-03,Delayed,2813.172778186908,Truck
474,1891,Delhi,Pune,793,2024-01-29,2024-01-31,On-Time,9183.750589187981,Truck
475,1744,Bangalore,Pune,262,2024-01-26,2024-01-29,On-Time,3924.1033992067255,Van
476,1036,Bangalore,Hyderabad,128,2024-01-18,2024-01-20,On-Time,1218.226529256248,Van
477,1279,Bangalore,Pune,1799,2024-01-22,2024-01-30,Delayed,15376.566735576524,Bike
478,1348,Mumbai,Hyderabad,677,2024-01-06,2024-01-12,Delayed,6097.767209469339,Truck
479,1496,Bangalore,Chennai,653,2024-01-17,2024-01-23,Delayed,4016.9045449206633,Truck
480,1301,Mumbai,Pune,831,2024-01-23,2024-02-01,Delayed,11495.00362785192,Van
481,1180,Mumbai,Chennai,1996,2024-01-24,2024-02-01,Delayed,18259.920084206184,Bike
482,1606,Mumbai,Chennai,1454,2024-01-18,2024-01-22,On-Time,12900.969942117192,Bike
483,1098,Delhi,Chennai,1050,2024-01-08,2024-01-12,On-Time,12176.74786576998,Van
484,1699,Mumbai,Hyderabad,729,2024-01-09,2024-01-18,Delayed,6867.42363858789,Truck
485,1992,Mumbai,Chennai,107,2024-01-06,2024-01-07,On-Time,1228.6098116243952,Van
486,1115,Delhi,Chennai,1869,2024-01-05,2024-01-07,On-Time,10493.431162544419,Van
487,1190,Mumbai,Chennai,1099,2024-01-12,2024-01-14,On-Time,14437.819547507279,Van
488,1252,Bangalore,Pune,930,2024-01-25,2024-01-31,Delayed,13396.686761778445,Van
489,1980,Bangalore,Pune,496,2024-01-29,2024-02-02,On-Time,5697.876315350554,Truck
490,1927,Mumbai,Hyderabad,115,2024-01-28,2024-01-31,On-Time,1672.7508181876324,Van
491,1982,Delhi,Hyderabad,1994,2024-01-11,2024-01-14,On-Time,12989.560348537068,Truck
492,1160,Bangalore,Pune,1833,2024-01-25,2024-01-28,On-Time,17916.038753174886,Van
493,1255,Delhi,Hyderabad,1327,2024-01-01,2024-01-07,Delayed,14620.975359456084,Bike
494,1322,Delhi,Pune,1972,2024-01-11,2024-01-19,Delayed,21331.8466871458,Truck
495,1127,Bangalore,Chennai,1117,2024-01-19,2024-01-26,Delayed,10069.328072424614,Bike
496,1017,Delhi,Chennai,1170,2024-01-09,2024-01-13,On-Time,9805.587589585257,Van
497,1792,Bangalore,Hyderabad,1627,2024-01-27,2024-01-31,On-Time,10198.426846895314,Van
498,1734,Delhi,Pune,1061,2024-01-02,2024-01-04,On-Time,9461.387400465772,Van
499,1565,Bangalore,Pune,276,2024-01-12,2024-01-13,On-Time,1828.943849691139,Truck
500,1569,Mumbai,Hyderabad,823,2024-01-04,2024-01-13,Delayed,10158.829517530958,Bike
501,1322,Bangalore,Pune,728,2024-01-04,2024-01-06,On-Time,5160.289210400615,Truck
502,1871,Bangalore,Chennai,1509,2024-01-18,2024-01-26,Delayed,8428.750456743615,Truck
503,1685,Bangalore,Hyderabad,1864,2024-01-15,2024-01-24,Delayed,19616.104808913246,Van
504,1791,Bangalore,Hyderabad,650,2024-01-19,2024-01-23,On-Time,7118.99326267611,Bike
505,1625,Delhi,Pune,428,2024-01-13,2024-01-21,Delayed,5871.787902280564,Van
506,1287,Mumbai,Hyderabad,1251,2024-01-19,2024-01-28,Delayed,13473.0399713452,Truck
507,1942,Bangalore,Pune,1500,2024-01-17,2024-01-22,On-Time,12682.212805851686,Van
508,1853,Delhi,Pune,1988,2024-01-06,2024-01-13,Delayed,25903.87620474325,Bike
509,1662,Mumbai,Pune,758,2024-01-16,2024-01-20,On-Time,7885.314010360652,Van
510,1961,Mumbai,Pune,356,2024-01-24,2024-01-25,On-Time,2062.2378132870426,Bike
511,1638,Mumbai,Pune,828,2024-01-12,2024-01-15,On-Time,8825.242639393682,Bike
512,1154,Mumbai,Hyderabad,553,2024-01-19,2024-01-24,On-Time,7786.342556181793,Van
513,1489,Bangalore,Chennai,317,2024-01-05,2024-01-08,On-Time,2841.311022829359,Truck
514,1385,Bangalore,Chennai,1659,2024-01-17,2024-01-24,Delayed,13211.045053517684,Van
515,1985,Delhi,Hyderabad,57,2024-01-26,2024-02-04,Delayed,366.7775905002714,Truck
516,1784,Delhi,Hyderabad,1993,2024-01-23,2024-01-29,Delayed,12983.309252171672,Truck
517,1103,Delhi,Chennai,557,2024-01-26,2024-01-27,On-Time,5195.537167783931,Van
518,1928,Mumbai,Chennai,525,2024-01-29,2024-02-05,Delayed,5752.31907684803,Truck
519,1392,Mumbai,Chennai,1370,2024-01-01,2024-01-04,On-Time,7954.431050823544,Truck
520,1810,Bangalore,Chennai,213,2024-01-28,2024-02-02,On-Time,3066.281094623603,Van
521,1245,Mumbai,Chennai,534,2024-01-27,2024-01-31,On-Time,6702.413517157346,Van
522,1175,Mumbai,Pune,1670,2024-01-25,2024-01-30,On-Time,18146.619435337165,Van
523,1038,Mumbai,Hyderabad,1145,2024-01-24,2024-01-29,On-Time,15210.622782251445,Truck
524,1476,Delhi,Pune,616,2024-01-23,2024-01-29,Delayed,3573.950421962618,Bike
525,1681,Delhi,Chennai,954,2024-01-10,2024-01-16,Delayed,9319.042893574006,Truck
526,1758,Bangalore,Chennai,608,2024-01-15,2024-01-23,Delayed,6870.966211318913,Bike
527,1537,Mumbai,Chennai,1984,2024-01-23,2024-01-31,Delayed,26360.47365738686,Van
528,1866,Mumbai,Pune,287,2024-01-21,2024-01-30,Delayed,3683.557637341398,Bike
529,1817,Bangalore,Pune,1177,2024-01-21,2024-01-29,Delayed,9146.105069126714,Van
530,1920,Mumbai,Chennai,1283,2024-01-11,2024-01-13,On-Time,18486.49257544459,Van
531,1407,Mumbai,Pune,603,2024-01-13,2024-01-14,On-Time,3764.805423828148,Bike
532,1524,Delhi,Pune,877,2024-01-05,2024-01-07,On-Time,12059.921835307505,Van
533,1827,Bangalore,Chennai,517,2024-01-01,2024-01-03,On-Time,7604.761090455878,Bike
534,1505,Bangalore,Pune,1527,2024-01-24,2024-01-27,On-Time,10340.134299609494,Van
535,1902,Bangalore,Hyderabad,1341,2024-01-12,2024-01-19,Delayed,16387.90592097276,Truck
536,1824,Bangalore,Hyderabad,435,2024-01-11,2024-01-13,On-Time,2350.2420066842933,Truck
537,1035,Delhi,Hyderabad,824,2024-01-17,2024-01-18,On-Time,7460.684079146637,Van
538,1684,Delhi,Hyderabad,897,2024-01-04,2024-01-10,Delayed,9116.061193803136,Van
539,1019,Mumbai,Chennai,436,2024-01-15,2024-01-24,Delayed,4711.613184966005,Bike
540,1320,Mumbai,Chennai,926,2024-01-25,2024-01-28,On-Time,13296.778918781662,Truck
541,1775,Mumbai,Chennai,308,2024-01-30,2024-02-05,Delayed,3610.53211686612,Bike
542,1511,Mumbai,Hyderabad,332,2024-01-09,2024-01-12,On-Time,3257.8427980478673,Van
543,1399,Delhi,Hyderabad,1699,2024-01-21,2024-01-22,On-Time,22251.378866157458,Van
544,1653,Bangalore,Pune,1948,2024-01-20,2024-01-25,On-Time,28256.379352191885,Bike
545,1971,Delhi,Pune,89,2024-01-19,2024-01-23,On-Time,464.6388723272389,Van
546,1882,Mumbai,Hyderabad,535,2024-01-19,2024-01-26,Delayed,7931.488806569807,Truck
547,1470,Delhi,Hyderabad,978,2024-01-12,2024-01-18,Delayed,5732.372320042793,Bike
548,1142,Bangalore,Hyderabad,269,2024-01-05,2024-01-12,Delayed,3535.700436232968,Truck
549,1091,Bangalore,Hyderabad,1202,2024-01-10,2024-01-15,On-Time,9379.623725667978,Truck
550,1353,Delhi,Pune,1064,2024-01-17,2024-01-21,On-Time,6726.3915585011955,Truck
551,1833,Delhi,Hyderabad,1073,2024-01-05,2024-01-12,Delayed,10084.65101412945,Bike
552,1799,Delhi,Pune,1593,2024-01-22,2024-01-29,Delayed,18223.228310600483,Van
553,1726,Mumbai,Hyderabad,662,2024-01-16,2024-01-22,Delayed,5831.901214055404,Truck
554,1958,Delhi,Hyderabad,977,2024-01-07,2024-01-15,Delayed,5418.104038921969,Truck
555,1853,Delhi,Hyderabad,1965,2024-01-28,2024-02-01,On-Time,21604.41139429378,Truck
556,1050,Delhi,Pune,737,2024-01-09,2024-01-14,On-Time,10335.712144935673,Van
557,1664,Bangalore,Pune,1692,2024-01-03,2024-01-07,On-Time,14944.0039918275,Van
558,1697,Bangalore,Chennai,662,2024-01-15,2024-01-16,On-Time,4742.122987916075,Bike
559,1574,Mumbai,Hyderabad,309,2024-01-16,2024-01-24,Delayed,2912.5639989323995,Van
560,1189,Mumbai,Chennai,1039,2024-01-18,2024-01-19,On-Time,5697.488567796833,Bike
561,1124,Bangalore,Chennai,1015,2024-01-14,2024-01-19,On-Time,13402.948982474789,Bike
562,1149,Bangalore,Pune,415,2024-01-03,2024-01-09,Delayed,5504.314365443275,Bike
563,1313,Bangalore,Pune,1831,2024-01-12,2024-01-18,Delayed,19921.288485396497,Bike
564,1569,Delhi,Chennai,1860,2024-01-09,2024-01-14,On-Time,15867.713734254043,Bike
565,1341,Delhi,Hyderabad,593,2024-01-28,2024-01-31,On-Time,7707.715351163496,Truck
566,1304,Bangalore,Pune,698,2024-01-07,2024-01-12,On-Time,7361.715433022802,Van
567,1691,Delhi,Hyderabad,1597,2024-01-09,2024-01-17,Delayed,21175.138967543757,Truck
568,1681,Delhi,Hyderabad,1980,2024-01-13,2024-01-15,On-Time,22402.88409314381,Bike
569,1837,Mumbai,Chennai,863,2024-01-18,2024-01-24,Delayed,11084.41923382644,Van
570,1782,Bangalore,Chennai,1960,2024-01-05,2024-01-14,Delayed,21531.834667068095,Truck
571,1053,Bangalore,Chennai,1089,2024-01-13,2024-01-21,Delayed,9954.996232868605,Truck
572,1443,Delhi,Chennai,1202,2024-01-04,2024-01-12,Delayed,17524.509236312173,Bike
573,1612,Bangalore,Pune,624,2024-01-02,2024-01-10,Delayed,6496.550267243991,Truck
574,1992,Mumbai,Pune,1182,2024-01-16,2024-01-23,Delayed,13062.158109149164,Truck
575,1263,Mumbai,Chennai,1960,2024-01-09,2024-01-17,Delayed,14121.557732529085,Truck
576,1052,Mumbai,Pune,1062,2024-01-09,2024-01-15,Delayed,11954.411383717677,Truck
577,1571,Bangalore,Chennai,1606,2024-01-06,2024-01-08,On-Time,17210.01885069608,Truck
578,1619,Bangalore,Hyderabad,719,2024-01-11,2024-01-13,On-Time,4923.988081239109,Bike
579,1004,Bangalore,Hyderabad,318,2024-01-22,2024-01-30,Delayed,1779.486969582997,Bike
580,1102,Bangalore,Hyderabad,1235,2024-01-24,2024-01-25,On-Time,13638.837598477423,Truck
581,1195,Bangalore,Chennai,1333,2024-01-22,2024-01-28,Delayed,16845.01795043977,Bike
582,1773,Mumbai,Hyderabad,973,2024-01-01,2024-01-07,Delayed,9957.69533907114,Bike
583,1876,Delhi,Pune,1175,2024-01-04,2024-01-08,On-Time,8539.578347505838,Van
584,1991,Mumbai,Hyderabad,1579,2024-01-13,2024-01-16,On-Time,18419.38201198302,Truck
585,1883,Bangalore,Hyderabad,1808,2024-01-23,2024-01-26,On-Time,10488.311537101608,Bike
586,1349,Mumbai,Hyderabad,1644,2024-01-13,2024-01-14,On-Time,15483.746106944132,Bike
587,1046,Bangalore,Pune,296,2024-01-13,2024-01-16,On-Time,1963.565604859324,Truck
588,1866,Bangalore,Chennai,1713,2024-01-02,2024-01-06,On-Time,11724.783544655802,Van
589,1822,Mumbai,Pune,1868,2024-01-09,2024-01-14,On-Time,13118.850970275244,Truck
590,1935,Bangalore,Chennai,1910,2024-01-24,2024-01-27,On-Time,16936.10478953998,Van
591,1819,Delhi,Chennai,1610,2024-01-08,2024-01-14,Delayed,8873.518310488402,Truck
592,1655,Bangalore,Hyderabad,180,2024-01-07,2024-01-12,On-Time,1616.0281936723766,Truck
593,1268,Delhi,Chennai,402,2024-01-04,2024-01-07,On-Time,4067.0639374010975,Truck
594,1369,Delhi,Pune,245,2024-01-18,2024-01-24,Delayed,2409.0709981674963,Truck
595,1635,Bangalore,Pune,1866,2024-01-03,2024-01-09,Delayed,16472.751313520737,Van
596,1105,Mumbai,Chennai,1989,2024-01-28,2024-02-05,Delayed,26635.626034527268,Van
597,1669,Delhi,Hyderabad,979,2024-01-06,2024-01-08,On-Time,6317.748318796735,Bike
598,1658,Mumbai,Hyderabad,1739,2024-01-12,2024-01-13,On-Time,17489.06637435809,Truck
599,1656,Delhi,Pune,1455,2024-01-12,2024-01-16,On-Time,8177.702616717866,Van
600,1119,Bangalore,Hyderabad,1071,2024-01-21,2024-01-28,Delayed,6117.077320782413,Van
601,1830,Bangalore,Chennai,694,2024-01-28,2024-01-31,On-Time,7452.628996759048,Van
602,1786,Delhi,Chennai,276,2024-01-08,2024-01-11,On-Time,2942.2108526903858,Truck
603,1603,Bangalore,Pune,750,2024-01-22,2024-01-27,On-Time,10335.251346333427,Bike
604,1057,Delhi,Chennai,1549,2024-01-22,2024-01-27,On-Time,16386.463235974534,Van
605,1950,Bangalore,Pune,1550,2024-01-01,2024-01-04,On-Time,22626.76081627518,Truck
606,1345,Mumbai,Chennai,314,2024-01-04,2024-01-13,Delayed,1722.9018239757795,Van
607,1740,Bangalore,Pune,1445,2024-01-21,2024-01-25,On-Time,8641.211045081707,Van
608,1473,Mumbai,Hyderabad,1559,2024-01-28,2024-01-31,On-Time,8481.986781882246,Bike
609,1116,Bangalore,Chennai,1507,2024-01-11,2024-01-13,On-Time,10327.122134526448,Van
610,1829,Mumbai,Chennai,695,2024-01-03,2024-01-12,Delayed,7236.827271044662,Van
611,1790,Bangalore,Pune,260,2024-01-13,2024-01-17,On-Time,2978.487671711313,Truck
612,1126,Mumbai,Pune,1645,2024-01-25,2024-01-28,On-Time,8974.875848255602,Truck
613,1392,Delhi,Chennai,1450,2024-01-17,2024-01-24,Delayed,20966.57790276119,Bike
614,1907,Delhi,Pune,1468,2024-01-22,2024-01-30,Delayed,19702.987729227592,Truck
615,1640,Mumbai,Chennai,1523,2024-01-22,2024-01-24,On-Time,12132.408103252528,Truck
616,1057,Bangalore,Hyderabad,992,2024-01-10,2024-01-17,Delayed,5725.700299846562,Bike
617,1633,Mumbai,Pune,1437,2024-01-21,2024-01-26,On-Time,9626.277242157852,Van
618,1512,Bangalore,Chennai,1949,2024-01-12,2024-01-17,On-Time,12219.146624084417,Bike
619,1750,Delhi,Hyderabad,506,2024-01-15,2024-01-18,On-Time,3153.8159232526714,Truck
620,1801,Bangalore,Hyderabad,774,2024-01-21,2024-01-26,On-Time,7883.6674702727805,Bike
621,1095,Delhi,Chennai,1801,2024-01-10,2024-01-12,On-Time,13432.71243930614,Van
622,1637,Bangalore,Pune,1299,2024-01-14,2024-01-18,On-Time,11147.234917713587,Bike
623,1117,Bangalore,Chennai,1031,2024-01-13,2024-01-19,Delayed,15356.799987192364,Truck
624,1559,Bangalore,Hyderabad,1204,2024-01-05,2024-01-06,On-Time,14259.143557061152,Truck
625,1600,Mumbai,Chennai,637,2024-01-06,2024-01-10,On-Time,9230.0068490894,Bike
626,1487,Mumbai,Pune,525,2024-01-24,2024-01-30,Delayed,3373.4219139238567,Van
627,1236,Delhi,Hyderabad,1871,2024-01-02,2024-01-11,Delayed,16504.82957411737,Bike
628,1884,Delhi,Chennai,1035,2024-01-22,2024-01-24,On-Time,10916.474163972367,Van
629,1896,Mumbai,Pune,1350,2024-01-17,2024-01-24,Delayed,7786.233835497963,Van
630,1271,Delhi,Hyderabad,205,2024-01-04,2024-01-10,Delayed,1033.5842594373137,Bike
631,1188,Mumbai,Pune,1833,2024-01-14,2024-01-16,On-Time,21454.061338497497,Van
632,1998,Bangalore,Hyderabad,1291,2024-01-10,2024-01-18,Delayed,14740.88996190653,Truck
633,1703,Delhi,Chennai,239,2024-01-03,2024-01-10,Delayed,2176.785255899072,Bike
634,1446,Delhi,Pune,1490,2024-01-25,2024-01-30,On-Time,14745.696732877286,Van
635,1580,Mumbai,Hyderabad,1030,2024-01-03,2024-01-08,On-Time,9429.062906098525,Truck
636,1789,Delhi,Pune,1748,2024-01-15,2024-01-22,Delayed,9159.608183888658,Bike
637,1860,Delhi,Pune,1765,2024-01-06,2024-01-15,Delayed,14744.30884973821,Truck
638,1246,Bangalore,Chennai,595,2024-01-17,2024-01-26,Delayed,4028.6394196138745,Truck
639,1962,Delhi,Pune,90,2024-01-12,2024-01-21,Delayed,538.5817701912318,Truck
640,1075,Bangalore,Hyderabad,356,2024-01-22,2024-01-28,Delayed,5185.924744646086,Van
641,1153,Mumbai,Hyderabad,992,2024-01-20,2024-01-26,Delayed,10905.648472418283,Bike
642,1655,Delhi,Hyderabad,387,2024-01-24,2024-01-27,On-Time,4754.899819995652,Bike
643,1434,Bangalore,Hyderabad,1387,2024-01-29,2024-01-30,On-Time,11309.095119101048,Van
644,1996,Mumbai,Chennai,1148,2024-01-11,2024-01-18,Delayed,10253.329046591294,Bike
645,1085,Delhi,Pune,1002,2024-01-25,2024-01-29,On-Time,7383.9784188451695,Truck
646,1696,Mumbai,Chennai,328,2024-01-04,2024-01-05,On-Time,1958.047400766593,Bike
647,1284,Delhi,Pune,1249,2024-01-26,2024-02-03,Delayed,8481.10515164538,Van
648,1973,Mumbai,Pune,945,2024-01-28,2024-02-03,Delayed,12261.50772805179,Truck
649,1219,Mumbai,Pune,1735,2024-01-26,2024-02-01,Delayed,20430.419719938513,Van
650,1068,Bangalore,Chennai,322,2024-01-06,2024-01-08,On-Time,3371.110980673236,Truck
651,1046,Mumbai,Pune,886,2024-01-01,2024-01-02,On-Time,8639.296273599564,Truck
652,1093,Delhi,Chennai,669,2024-01-20,2024-01-22,On-Time,9516.085357659473,Bike
653,1749,Delhi,Hyderabad,1724,2024-01-23,2024-01-27,On-Time,9873.950499704244,Truck
654,1957,Bangalore,Hyderabad,911,2024-01-28,2024-01-30,On-Time,7111.273408597414,Van
655,1452,Delhi,Pune,1856,2024-01-16,2024-01-17,On-Time,15774.846562272454,Bike
656,1203,Delhi,Chennai,1932,2024-01-15,2024-01-22,Delayed,24776.46669195106,Van
657,1911,Delhi,Hyderabad,980,2024-01-17,2024-01-25,Delayed,14626.643277587318,Truck
658,1217,Mumbai,Chennai,338,2024-01-08,2024-01-14,Delayed,2503.466339879177,Van
659,1473,Mumbai,Chennai,773,2024-01-28,2024-02-01,On-Time,10623.395692879632,Van
660,1431,Delhi,Pune,942,2024-01-26,2024-02-01,Delayed,12534.466403267474,Truck
661,1340,Bangalore,Hyderabad,321,2024-01-12,2024-01-15,On-Time,2326.150246430071,Bike
662,1550,Mumbai,Pune,1139,2024-01-27,2024-02-04,Delayed,10243.398088469145,Van
663,1611,Bangalore,Pune,532,2024-01-22,2024-01-24,On-Time,4839.4596646362015,Truck
664,1288,Delhi,Hyderabad,985,2024-01-21,2024-01-26,On-Time,14560.4735849866,Bike
665,1253,Delhi,Hyderabad,297,2024-01-10,2024-01-11,On-Time,2022.248947095328,Bike
666,1733,Mumbai,Chennai,205,2024-01-27,2024-02-02,Delayed,2663.273840764803,Bike
667,1356,Delhi,Hyderabad,1120,2024-01-15,2024-01-17,On-Time,9342.95839873883,Van
668,1022,Mumbai,Chennai,503,2024-01-30,2024-02-03,On-Time,6191.277839254087,Van
669,1761,Delhi,Chennai,250,2024-01-09,2024-01-15,Delayed,2300.027510739157,Van
670,1521,Delhi,Chennai,1733,2024-01-02,2024-01-10,Delayed,18687.974694809636,Bike
671,1757,Mumbai,Hyderabad,173,2024-01-05,2024-01-13,Delayed,2305.4183678542067,Van
672,1836,Mumbai,Pune,50,2024-01-06,2024-01-12,Delayed,652.082782491942,Truck
673,1099,Mumbai,Chennai,1017,2024-01-07,2024-01-11,On-Time,13896.523776598751,Van
674,1801,Delhi,Pune,1832,2024-01-21,2024-01-29,Delayed,10252.189400314153,Van
675,1179,Delhi,Pune,904,2024-01-25,2024-02-02,Delayed,10776.136999479293,Bike
676,1222,Bangalore,Hyderabad,689,2024-01-01,2024-01-02,On-Time,4409.513025612946,Van
677,1905,Mumbai,Pune,240,2024-01-23,2024-01-27,On-Time,2197.964563244186,Truck
678,1761,Delhi,Pune,1652,2024-01-26,2024-01-30,On-Time,17322.680616703452,Bike
679,1658,Delhi,Hyderabad,565,2024-01-07,2024-01-14,Delayed,5100.478088819594,Truck
680,1441,Mumbai,Chennai,491,2024-01-20,2024-01-27,Delayed,5006.293328192767,Bike
681,1607,Bangalore,Pune,1994,2024-01-25,2024-02-02,Delayed,29840.734597444465,Bike
682,1768,Mumbai,Hyderabad,1888,2024-01-30,2024-02-04,On-Time,11992.902882898697,Van
683,1324,Bangalore,Pune,1879,2024-01-12,2024-01-19,Delayed,22086.819091871435,Truck
684,1515,Delhi,Pune,192,2024-01-16,2024-01-24,Delayed,1720.3218554603811,Bike
685,1015,Bangalore,Chennai,1264,2024-01-16,2024-01-25,Delayed,8001.243858188635,Van
686,1791,Delhi,Pune,582,2024-01-11,2024-01-14,On-Time,3833.8479628384816,Bike
687,1335,Mumbai,Hyderabad,276,2024-01-21,2024-01-24,On-Time,3999.9937732379026,Bike
688,1758,Mumbai,Pune,1386,2024-01-04,2024-01-08,On-Time,19121.276744425024,Bike
689,1257,Mumbai,Chennai,1702,2024-01-13,2024-01-18,On-Time,23947.854166263674,Bike
690,1496,Bangalore,Chennai,998,2024-01-07,2024-01-08,On-Time,14885.497102757317,Bike
691,1987,Delhi,Hyderabad,1375,2024-01-04,2024-01-11,Delayed,9739.33661261712,Bike
692,1895,Mumbai,Chennai,1727,2024-01-15,2024-01-24,Delayed,14773.437356277347,Van
693,1159,Mumbai,Pune,509,2024-01-19,2024-01-27,Delayed,5951.324862317571,Bike
694,1474,Delhi,Chennai,1474,2024-01-09,2024-01-14,On-Time,14501.249437545941,Truck
695,1851,Mumbai,Hyderabad,600,2024-01-11,2024-01-15,On-Time,5510.337200270001,Van
696,1663,Delhi,Chennai,442,2024-01-08,2024-01-15,Delayed,3791.5257220633216,Truck
697,1907,Delhi,Chennai,1940,2024-01-01,2024-01-06,On-Time,21219.34425970297,Bike
698,1689,Delhi,Chennai,1837,2024-01-23,2024-01-30,Delayed,19758.651284118307,Truck
699,1674,Delhi,Hyderabad,894,2024-01-25,2024-01-26,On-Time,5913.433036534307,Bike
700,1379,Delhi,Chennai,1280,2024-01-24,2024-01-25,On-Time,12438.26992023602,Bike
701,1544,Bangalore,Chennai,259,2024-01-08,2024-01-11,On-Time,2728.491900383511,Van
702,1928,Mumbai,Pune,1188,2024-01-13,2024-01-15,On-Time,12715.008832128919,Van
703,1956,Bangalore,Hyderabad,1810,2024-01-22,2024-01-24,On-Time,12852.940191713567,Bike
704,1690,Mumbai,Chennai,695,2024-01-27,2024-02-03,Delayed,8633.786176153393,Van
705,1426,Bangalore,Hyderabad,1324,2024-01-04,2024-01-06,On-Time,6953.636015430962,Truck
706,1612,Delhi,Chennai,268,2024-01-08,2024-01-12,On-Time,2290.949372855676,Van
707,1267,Mumbai,Chennai,456,2024-01-03,2024-01-05,On-Time,5837.769677322489,Van
708,1834,Mumbai,Chennai,1516,2024-01-29,2024-02-04,Delayed,16128.6166831999,Truck
709,1576,Bangalore,Pune,1676,2024-01-09,2024-01-17,Delayed,12757.082368882016,Van
710,1416,Bangalore,Pune,1427,2024-01-29,2024-02-02,On-Time,17051.98101302529,Bike
711,1167,Mumbai,Pune,937,2024-01-02,2024-01-07,On-Time,10001.453146742408,Truck
712,1841,Bangalore,Hyderabad,607,2024-01-02,2024-01-06,On-Time,7868.19870940027,Bike
713,1042,Bangalore,Hyderabad,599,2024-01-28,2024-01-31,On-Time,7397.800865277041,Truck
714,1555,Bangalore,Pune,191,2024-01-13,2024-01-18,On-Time,2120.3061310892085,Bike
715,1284,Delhi,Hyderabad,661,2024-01-15,2024-01-24,Delayed,6531.85443380448,Bike
716,1396,Delhi,Chennai,550,2024-01-28,2024-02-05,Delayed,3482.5016911713783,Van
717,1011,Bangalore,Chennai,889,2024-01-23,2024-01-31,Delayed,6768.250529001062,Bike
718,1606,Bangalore,Chennai,751,2024-01-12,2024-01-20,Delayed,6902.437041607311,Van
719,1301,Delhi,Pune,1620,2024-01-26,2024-02-03,Delayed,17808.648449503497,Truck
720,1897,Delhi,Hyderabad,1732,2024-01-04,2024-01-11,Delayed,17557.420052329082,Bike
721,1252,Mumbai,Pune,1615,2024-01-26,2024-02-03,Delayed,12729.180094246401,Bike
722,1498,Mumbai,Hyderabad,1919,2024-01-08,2024-01-16,Delayed,9719.051025984545,Truck
723,1753,Delhi,Chennai,1580,2024-01-09,2024-01-17,Delayed,15740.57970603286,Truck
724,1034,Bangalore,Pune,645,2024-01-23,2024-01-30,Delayed,5067.287626226468,Bike
725,1726,Bangalore,Hyderabad,1954,2024-01-05,2024-01-06,On-Time,24124.246195883858,Truck
726,1848,Bangalore,Hyderabad,330,2024-01-24,2024-01-28,On-Time,1729.0226753925954,Van
727,1089,Bangalore,Chennai,473,2024-01-20,2024-01-24,On-Time,5131.235547476391,Truck
728,1775,Mumbai,Pune,905,2024-01-18,2024-01-23,On-Time,13045.341849429893,Truck
729,1604,Delhi,Pune,319,2024-01-11,2024-01-17,Delayed,2151.3655620856835,Bike
730,1921,Bangalore,Pune,203,2024-01-15,2024-01-19,On-Time,1972.4484662237087,Van
731,1969,Mumbai,Chennai,663,2024-01-28,2024-01-30,On-Time,3921.127805747626,Truck
732,1601,Bangalore,Pune,1800,2024-01-22,2024-01-28,Delayed,20262.274420704347,Van
733,1417,Delhi,Chennai,711,2024-01-09,2024-01-17,Delayed,7469.280249039164,Van
734,1114,Mumbai,Chennai,132,2024-01-17,2024-01-25,Delayed,1197.7224919609387,Van
735,1616,Delhi,Chennai,1695,2024-01-27,2024-02-03,Delayed,17312.340513979914,Bike
736,1902,Delhi,Hyderabad,996,2024-01-26,2024-02-01,Delayed,13909.883598351342,Truck
737,1195,Mumbai,Pune,948,2024-01-12,2024-01-14,On-Time,6600.869985908915,Bike
738,1825,Mumbai,Pune,1499,2024-01-07,2024-01-14,Delayed,7833.242030463156,Truck
739,1500,Mumbai,Chennai,1348,2024-01-10,2024-01-15,On-Time,18355.24264574388,Truck
740,1625,Mumbai,Chennai,1786,2024-01-25,2024-01-31,Delayed,19237.31109144801,Bike
741,1492,Mumbai,Pune,333,2024-01-26,2024-02-03,Delayed,4630.892656687935,Van
742,1074,Mumbai,Chennai,1029,2024-01-25,2024-02-02,Delayed,11287.566348921546,Van
743,1412,Mumbai,Pune,222,2024-01-10,2024-01-13,On-Time,2908.5576197105397,Truck
744,1375,Bangalore,Hyderabad,1400,2024-01-27,2024-02-03,Delayed,13015.427086972071,Bike
745,1419,Delhi,Chennai,1791,2024-01-13,2024-01-14,On-Time,22384.991369372892,Van
746,1728,Mumbai,Pune,1136,2024-01-19,2024-01-20,On-Time,16052.151063868763,Van
747,1276,Bangalore,Chennai,1146,2024-01-11,2024-01-18,Delayed,12286.529164256484,Truck
748,1760,Bangalore,Pune,812,2024-01-13,2024-01-22,Delayed,5527.975422566522,Truck
749,1675,Bangalore,Pune,1709,2024-01-21,2024-01-28,Delayed,13138.751240866086,Bike
750,1393,Delhi,Chennai,1448,2024-01-08,2024-01-13,On-Time,10116.373473474436,Truck
751,1868,Mumbai,Hyderabad,682,2024-01-08,2024-01-16,Delayed,5093.564928202899,Van
752,1456,Bangalore,Pune,1581,2024-01-04,2024-01-06,On-Time,12749.428254239885,Van
753,1919,Delhi,Pune,836,2024-01-15,2024-01-24,Delayed,8820.918457256656,Van
754,1191,Delhi,Pune,992,2024-01-28,2024-02-03,Delayed,10792.87696428122,Van
755,1738,Delhi,Hyderabad,1061,2024-01-11,2024-01-20,Delayed,9830.162318236145,Bike
756,1688,Bangalore,Hyderabad,447,2024-01-11,2024-01-13,On-Time,4985.930885799135,Bike
757,1098,Mumbai,Chennai,1193,2024-01-01,2024-01-04,On-Time,6938.188862543596,Truck
758,1547,Bangalore,Hyderabad,983,2024-01-17,2024-01-25,Delayed,5777.958370281713,Truck
759,1977,Bangalore,Chennai,1510,2024-01-15,2024-01-16,On-Time,10144.624851400642,Truck
760,1998,Mumbai,Chennai,1902,2024-01-20,2024-01-27,Delayed,19363.83401272736,Bike
761,1095,Mumbai,Hyderabad,725,2024-01-06,2024-01-13,Delayed,5176.461420562773,Van
762,1663,Mumbai,Chennai,985,2024-01-24,2024-01-25,On-Time,7715.3513744018865,Truck
763,1662,Delhi,Hyderabad,514,2024-01-22,2024-01-31,Delayed,4627.6079779291895,Van
764,1189,Mumbai,Chennai,335,2024-01-28,2024-02-05,Delayed,4394.751515434772,Truck
765,1735,Bangalore,Hyderabad,314,2024-01-25,2024-01-29,On-Time,1613.5271067663807,Truck
766,1036,Mumbai,Hyderabad,369,2024-01-15,2024-01-20,On-Time,4241.207846673136,Truck
767,1779,Bangalore,Chennai,722,2024-01-09,2024-01-11,On-Time,8439.28855411375,Truck
768,1368,Delhi,Pune,1449,2024-01-14,2024-01-23,Delayed,18817.522257367662,Truck
769,1694,Bangalore,Chennai,869,2024-01-18,2024-01-24,Delayed,12450.623040434122,Van
770,1524,Bangalore,Hyderabad,138,2024-01-26,2024-01-29,On-Time,717.7902315500199,Truck
771,1278,Mumbai,Pune,1727,2024-01-17,2024-01-24,Delayed,11290.844594213244,Van
772,1216,Mumbai,Chennai,1276,2024-01-18,2024-01-27,Delayed,17687.54571215447,Bike
773,1866,Bangalore,Chennai,870,2024-01-05,2024-01-08,On-Time,8339.111491027033,Truck
774,1872,Mumbai,Chennai,1812,2024-01-20,2024-01-22,On-Time,19290.382377474358,Van
775,1797,Delhi,Pune,1050,2024-01-20,2024-01-27,Delayed,12211.785639093048,Bike
776,1272,Delhi,Hyderabad,383,2024-01-09,2024-01-16,Delayed,4515.825095218292,Bike
777,1880,Mumbai,Chennai,271,2024-01-11,2024-01-15,On-Time,3880.0164929877374,Bike
778,1061,Delhi,Chennai,90,2024-01-24,2024-02-02,Delayed,1347.2544756705026,Van
779,1595,Mumbai,Chennai,1781,2024-01-22,2024-01-30,Delayed,21731.004379180045,Truck
780,1879,Bangalore,Chennai,117,2024-01-01,2024-01-02,On-Time,921.0488147700264,Truck
781,1728,Bangalore,Chennai,1037,2024-01-18,2024-01-19,On-Time,14308.032411792345,Van
782,1341,Delhi,Hyderabad,1849,2024-01-06,2024-01-11,On-Time,10155.094709858682,Truck
783,1396,Mumbai,Hyderabad,563,2024-01-27,2024-02-02,Delayed,4115.985201683414,Van
784,1698,Mumbai,Chennai,1946,2024-01-02,2024-01-05,On-Time,27193.12606184389,Truck
785,1018,Delhi,Pune,1710,2024-01-15,2024-01-24,Delayed,12930.87489691297,Bike
786,1176,Bangalore,Hyderabad,1695,2024-01-29,2024-02-04,Delayed,12215.035460588637,Truck
787,1611,Delhi,Pune,1671,2024-01-26,2024-01-30,On-Time,10663.07364837353,Van
788,1395,Bangalore,Hyderabad,1705,2024-01-21,2024-01-28,Delayed,23172.855467879926,Van
789,1444,Mumbai,Chennai,1200,2024-01-14,2024-01-22,Delayed,12000.69911029304,Bike
790,1232,Bangalore,Hyderabad,1328,2024-01-05,2024-01-14,Delayed,15602.581736559176,Van
791,1914,Delhi,Chennai,744,2024-01-06,2024-01-12,Delayed,5498.653897518221,Truck
792,1075,Mumbai,Hyderabad,1089,2024-01-06,2024-01-12,Delayed,13700.060184812146,Truck
793,1264,Delhi,Chennai,526,2024-01-30,2024-02-07,Delayed,6627.629166500638,Bike
794,1454,Delhi,Chennai,1135,2024-01-22,2024-01-27,On-Time,9222.987582709207,Van
795,1795,Bangalore,Chennai,930,2024-01-30,2024-02-02,On-Time,8469.34848699563,Bike
796,1717,Delhi,Chennai,481,2024-01-18,2024-01-21,On-Time,3413.610234439266,Truck
797,1734,Bangalore,Pune,1743,2024-01-14,2024-01-20,Delayed,25736.458636518222,Bike
798,1383,Mumbai,Chennai,317,2024-01-10,2024-01-12,On-Time,3631.5601692751648,Van
799,1563,Bangalore,Pune,1108,2024-01-14,2024-01-20,Delayed,15894.746198327912,Bike
800,1850,Mumbai,Pune,828,2024-01-13,2024-01-19,Delayed,6652.032301249224,Van
801,1505,Bangalore,Chennai,1649,2024-01-30,2024-02-07,Delayed,21138.38115531871,Van
802,1366,Delhi,Pune,543,2024-01-03,2024-01-10,Delayed,6873.612436294149,Truck
803,1143,Bangalore,Hyderabad,1635,2024-01-30,2024-02-07,Delayed,19483.569908017955,Truck
804,1884,Bangalore,Chennai,1542,2024-01-06,2024-01-15,Delayed,22600.152998614063,Truck
805,1068,Mumbai,Pune,1840,2024-01-29,2024-02-04,Delayed,16441.418184356204,Van
806,1098,Delhi,Chennai,710,2024-01-08,2024-01-11,On-Time,4478.092997487277,Bike
807,1395,Bangalore,Chennai,1398,2024-01-12,2024-01-15,On-Time,16380.489852231969,Van
808,1024,Delhi,Chennai,1377,2024-01-13,2024-01-14,On-Time,16927.59595257113,Truck
809,1947,Bangalore,Pune,1349,2024-01-11,2024-01-16,On-Time,14502.56713595941,Truck
810,1890,Bangalore,Hyderabad,1942,2024-01-12,2024-01-16,On-Time,13726.403484650555,Bike
811,1468,Delhi,Hyderabad,1757,2024-01-01,2024-01-10,Delayed,17648.290895130573,Truck
812,1483,Bangalore,Pune,1062,2024-01-17,2024-01-26,Delayed,8625.455002364153,Truck
813,1564,Delhi,Chennai,1274,2024-01-16,2024-01-21,On-Time,11815.92356884362,Truck
814,1150,Bangalore,Pune,1518,2024-01-11,2024-01-15,On-Time,17384.417981321996,Bike
815,1143,Mumbai,Pune,1978,2024-01-13,2024-01-20,Delayed,24630.347610424706,Van
816,1568,Delhi,Pune,1397,2024-01-18,2024-01-24,Delayed,10229.178931891764,Truck
817,1038,Bangalore,Chennai,1108,2024-01-11,2024-01-15,On-Time,10031.004995968244,Bike
818,1108,Bangalore,Pune,1026,2024-01-28,2024-01-30,On-Time,7891.597718374115,Truck
819,1692,Mumbai,Chennai,531,2024-01-12,2024-01-13,On-Time,3709.733869606525,Bike
820,1041,Delhi,Pune,777,2024-01-06,2024-01-10,On-Time,9971.918699367665,Truck
821,1185,Bangalore,Hyderabad,529,2024-01-09,2024-01-13,On-Time,7454.946753571689,Bike
822,1934,Mumbai,Pune,1138,2024-01-16,2024-01-17,On-Time,9903.242273090484,Truck
823,1397,Bangalore,Pune,1081,2024-01-04,2024-01-10,Delayed,13526.32517248042,Van
824,1222,Delhi,Hyderabad,1374,2024-01-03,2024-01-07,On-Time,19194.71527586701,Truck
825,1633,Bangalore,Chennai,392,2024-01-28,2024-01-29,On-Time,5276.806905278508,Bike
826,1132,Bangalore,Chennai,1504,2024-01-16,2024-01-17,On-Time,10269.513363629958,Truck
827,1162,Bangalore,Pune,1497,2024-01-24,2024-01-25,On-Time,21800.68946625502,Van
828,1214,Bangalore,Hyderabad,381,2024-01-27,2024-02-04,Delayed,3340.137238036252,Truck
829,1732,Mumbai,Chennai,487,2024-01-26,2024-02-03,Delayed,4087.1020199165823,Bike
830,1234,Mumbai,Pune,1661,2024-01-30,2024-02-01,On-Time,9341.984346083931,Bike
831,1842,Delhi,Hyderabad,223,2024-01-25,2024-02-01,Delayed,2199.167248653889,Van
832,1657,Mumbai,Chennai,608,2024-01-12,2024-01-20,Delayed,3702.8027830968463,Bike
833,1750,Mumbai,Chennai,576,2024-01-11,2024-01-19,Delayed,4311.589368541974,Truck
834,1587,Delhi,Hyderabad,1946,2024-01-05,2024-01-12,Delayed,15897.703419591297,Truck
835,1008,Mumbai,Hyderabad,708,2024-01-25,2024-01-30,On-Time,9266.490370321124,Truck
836,1073,Mumbai,Hyderabad,75,2024-01-18,2024-01-19,On-Time,1031.6164877969222,Bike
837,1953,Delhi,Hyderabad,869,2024-01-19,2024-01-28,Delayed,6973.432298740171,Truck
838,1491,Delhi,Pune,654,2024-01-23,2024-01-30,Delayed,8885.885712939513,Truck
839,1912,Delhi,Hyderabad,455,2024-01-23,2024-01-25,On-Time,6175.400765032549,Truck
840,1252,Bangalore,Chennai,281,2024-01-06,2024-01-12,Delayed,3553.6691705814947,Van
841,1229,Bangalore,Chennai,582,2024-01-22,2024-01-24,On-Time,3763.7655635683564,Bike
842,1518,Delhi,Pune,1892,2024-01-18,2024-01-19,On-Time,22520.908263361795,Bike
843,1173,Delhi,Chennai,1623,2024-01-26,2024-02-02,Delayed,23452.74056814263,Bike
844,1652,Delhi,Chennai,1861,2024-01-06,2024-01-08,On-Time,22007.07830985679,Van
845,1167,Bangalore,Hyderabad,554,2024-01-04,2024-01-06,On-Time,4607.1573440574,Bike
846,1169,Bangalore,Chennai,1742,2024-01-12,2024-01-17,On-Time,17430.09170964508,Van
847,1392,Mumbai,Pune,228,2024-01-19,2024-01-24,On-Time,2612.2530988404023,Van
848,1945,Mumbai,Hyderabad,181,2024-01-29,2024-02-05,Delayed,1829.1324397985913,Bike
849,1794,Delhi,Hyderabad,1896,2024-01-27,2024-01-28,On-Time,11754.307775219188,Truck
850,1633,Bangalore,Pune,1528,2024-01-29,2024-02-06,Delayed,12408.338602282874,Truck
851,1193,Bangalore,Hyderabad,397,2024-01-02,2024-01-05,On-Time,5170.512241297922,Bike
852,1516,Bangalore,Hyderabad,589,2024-01-17,2024-01-21,On-Time,8018.7522915025975,Bike
853,1028,Delhi,Pune,821,2024-01-11,2024-01-20,Delayed,5232.233268594832,Van
854,1164,Mumbai,Hyderabad,1479,2024-01-11,2024-01-15,On-Time,21480.800067977136,Bike
855,1421,Delhi,Pune,125,2024-01-21,2024-01-26,On-Time,1036.0282723107616,Van
856,1338,Mumbai,Pune,628,2024-01-16,2024-01-23,Delayed,7299.330279228921,Bike
857,1647,Mumbai,Chennai,903,2024-01-02,2024-01-06,On-Time,11303.981067988832,Truck
858,1495,Delhi,Chennai,1565,2024-01-02,2024-01-03,On-Time,20531.958572082876,Truck
859,1364,Mumbai,Hyderabad,243,2024-01-23,2024-02-01,Delayed,3513.1717764090104,Bike
860,1832,Mumbai,Hyderabad,1235,2024-01-08,2024-01-12,On-Time,10039.55641815596,Van
861,1341,Bangalore,Pune,396,2024-01-13,2024-01-22,Delayed,5379.685560024156,Truck
862,1499,Mumbai,Hyderabad,1000,2024-01-10,2024-01-16,Delayed,6316.86903436207,Van
863,1656,Delhi,Pune,1434,2024-01-08,2024-01-09,On-Time,17280.28659711052,Bike
864,1510,Delhi,Pune,1842,2024-01-30,2024-02-02,On-Time,22877.22977764762,Bike
865,1326,Mumbai,Hyderabad,1657,2024-01-04,2024-01-06,On-Time,19514.87410670588,Truck
866,1216,Bangalore,Pune,1160,2024-01-15,2024-01-24,Delayed,8726.850939167774,Bike
867,1300,Bangalore,Chennai,1335,2024-01-30,2024-01-31,On-Time,18330.126012652967,Truck
868,1131,Mumbai,Hyderabad,263,2024-01-01,2024-01-10,Delayed,1759.0977586641388,Van
869,1803,Mumbai,Chennai,1738,2024-01-11,2024-01-20,Delayed,9622.17267663204,Truck
870,1069,Delhi,Hyderabad,1795,2024-01-07,2024-01-15,Delayed,21853.49658148382,Truck
871,1251,Mumbai,Pune,1986,2024-01-17,2024-01-25,Delayed,19372.94770452209,Van
872,1414,Bangalore,Hyderabad,622,2024-01-27,2024-01-28,On-Time,8391.389684142965,Truck
873,1786,Mumbai,Chennai,829,2024-01-20,2024-01-28,Delayed,7323.362299372966,Truck
874,1444,Delhi,Pune,311,2024-01-24,2024-01-27,On-Time,2078.346410258987,Bike
875,1875,Delhi,Hyderabad,779,2024-01-18,2024-01-25,Delayed,10410.884679340284,Van
876,1181,Delhi,Hyderabad,332,2024-01-22,2024-01-23,On-Time,3482.3799770450382,Truck
877,1166,Delhi,Hyderabad,1721,2024-01-29,2024-01-30,On-Time,11861.059587038008,Van
878,1090,Delhi,Chennai,1540,2024-01-22,2024-01-27,On-Time,18793.913578231262,Van
879,1713,Mumbai,Chennai,1453,2024-01-12,2024-01-17,On-Time,14691.481167252443,Truck
880,1857,Mumbai,Hyderabad,411,2024-01-09,2024-01-17,Delayed,4538.726357007715,Bike
881,1530,Mumbai,Pune,1522,2024-01-05,2024-01-12,Delayed,14624.872707504177,Van
882,1038,Mumbai,Pune,490,2024-01-10,2024-01-18,Delayed,6510.674020708231,Truck
883,1125,Delhi,Chennai,142,2024-01-04,2024-01-10,Delayed,1887.9790562699309,Van
884,1450,Bangalore,Pune,1694,2024-01-05,2024-01-11,Delayed,20487.046641705103,Bike
885,1172,Mumbai,Chennai,802,2024-01-28,2024-01-30,On-Time,4855.319046719627,Bike
886,1652,Bangalore,Hyderabad,916,2024-01-28,2024-02-03,Delayed,12263.90137504127,Bike
887,1753,Mumbai,Chennai,1497,2024-01-10,2024-01-15,On-Time,17530.06431857766,Truck
888,1219,Mumbai,Chennai,191,2024-01-11,2024-01-14,On-Time,2286.316157068212,Truck
889,1637,Bangalore,Hyderabad,1364,2024-01-21,2024-01-27,Delayed,11771.085943108808,Bike
890,1057,Delhi,Pune,1505,2024-01-24,2024-02-01,Delayed,20758.15732016295,Truck
891,1659,Mumbai,Chennai,798,2024-01-10,2024-01-19,Delayed,9778.465369874164,Bike
892,1475,Mumbai,Chennai,1925,2024-01-28,2024-01-29,On-Time,11792.366480686993,Truck
893,1455,Mumbai,Hyderabad,1897,2024-01-08,2024-01-11,On-Time,17220.549312684903,Bike
894,1828,Bangalore,Pune,1762,2024-01-02,2024-01-05,On-Time,24428.021977737695,Van
895,1894,Delhi,Chennai,702,2024-01-23,2024-01-31,Delayed,3841.3208459156003,Bike
896,1360,Bangalore,Hyderabad,750,2024-01-08,2024-01-09,On-Time,10960.624647315371,Bike
897,1934,Bangalore,Chennai,1047,2024-01-16,2024-01-21,On-Time,12345.832090305823,Truck
898,1000,Delhi,Hyderabad,98,2024-01-27,2024-01-30,On-Time,1108.748458090509,Truck
899,1386,Bangalore,Pune,1375,2024-01-22,2024-01-24,On-Time,10595.189776709882,Truck
900,1972,Delhi,Pune,930,2024-01-05,2024-01-13,Delayed,6963.763635274347,Truck
901,1347,Mumbai,Pune,1263,2024-01-27,2024-01-30,On-Time,18213.19531214096,Truck
902,1189,Delhi,Pune,1209,2024-01-25,2024-02-01,Delayed,9651.113971690544,Truck
903,1504,Mumbai,Chennai,604,2024-01-29,2024-01-30,On-Time,7704.051992182755,Van
904,1190,Bangalore,Chennai,453,2024-01-03,2024-01-09,Delayed,4045.841745878068,Bike
905,1507,Bangalore,Pune,941,2024-01-12,2024-01-15,On-Time,6015.380806084065,Bike
906,1368,Mumbai,Pune,914,2024-01-13,2024-01-21,Delayed,4667.937820935581,Bike
907,1408,Bangalore,Pune,651,2024-01-13,2024-01-19,Delayed,6798.115263969284,Van
908,1823,Delhi,Chennai,1880,2024-01-10,2024-01-12,On-Time,27744.641788719935,Bike
909,1928,Mumbai,Pune,390,2024-01-04,2024-01-10,Delayed,3389.631155855897,Van
910,1933,Bangalore,Pune,1830,2024-01-09,2024-01-16,Delayed,15686.619712072721,Van
911,1116,Mumbai,Pune,753,2024-01-22,2024-01-27,On-Time,6356.009882406299,Van
912,1133,Delhi,Hyderabad,367,2024-01-24,2024-01-27,On-Time,3745.39588290883,Bike
913,1057,Delhi,Pune,667,2024-01-23,2024-01-27,On-Time,6274.234772440039,Van
914,1555,Bangalore,Hyderabad,1436,2024-01-27,2024-01-31,On-Time,19815.574039799925,Bike
915,1684,Delhi,Hyderabad,1895,2024-01-02,2024-01-08,Delayed,19054.61900316014,Bike
916,1671,Mumbai,Pune,431,2024-01-19,2024-01-20,On-Time,4343.436282592732,Truck
917,1172,Delhi,Hyderabad,282,2024-01-01,2024-01-05,On-Time,1800.2078971119697,Truck
918,1828,Mumbai,Pune,1850,2024-01-25,2024-01-29,On-Time,27430.68150684214,Van
919,1814,Mumbai,Chennai,1417,2024-01-29,2024-01-30,On-Time,10627.115863611318,Van
920,1148,Delhi,Chennai,1622,2024-01-07,2024-01-16,Delayed,9299.965174194755,Bike
921,1079,Bangalore,Chennai,866,2024-01-17,2024-01-21,On-Time,10072.846516125308,Van
922,1885,Delhi,Chennai,602,2024-01-03,2024-01-10,Delayed,6594.105548344372,Van
923,1212,Mumbai,Hyderabad,1602,2024-01-20,2024-01-23,On-Time,14660.633376963786,Bike
924,1202,Mumbai,Pune,905,2024-01-20,2024-01-23,On-Time,8345.839716620138,Van
925,1763,Delhi,Pune,1862,2024-01-21,2024-01-29,Delayed,23927.89020988455,Van
926,1228,Bangalore,Pune,868,2024-01-30,2024-02-07,Delayed,6038.785716064954,Bike
927,1675,Bangalore,Chennai,1644,2024-01-03,2024-01-04,On-Time,21704.964563453985,Bike
928,1226,Mumbai,Chennai,232,2024-01-03,2024-01-05,On-Time,2665.093304236442,Truck
929,1658,Mumbai,Pune,1114,2024-01-17,2024-01-25,Delayed,10237.323279903901,Bike
930,1531,Bangalore,Chennai,1624,2024-01-07,2024-01-08,On-Time,15558.384733322026,Truck
931,1440,Delhi,Pune,446,2024-01-27,2024-02-04,Delayed,3374.6465440499874,Van
932,1401,Mumbai,Pune,1777,2024-01-26,2024-02-03,Delayed,22250.07169202524,Bike
933,1046,Mumbai,Pune,828,2024-01-14,2024-01-16,On-Time,8386.602866287618,Bike
934,1232,Bangalore,Pune,1567,2024-01-17,2024-01-21,On-Time,12862.79068489005,Bike
935,1304,Delhi,Pune,1732,2024-01-18,2024-01-24,Delayed,18983.588004979658,Van
936,1525,Bangalore,Pune,956,2024-01-13,2024-01-22,Delayed,14299.221361610647,Truck
937,1142,Delhi,Pune,1406,2024-01-20,2024-01-28,Delayed,13149.787651971146,Van
938,1414,Delhi,Chennai,176,2024-01-29,2024-02-06,Delayed,2500.4168653703705,Van
939,1512,Delhi,Pune,1631,2024-01-20,2024-01-27,Delayed,13782.224659169675,Bike
940,1372,Mumbai,Pune,1630,2024-01-21,2024-01-30,Delayed,9042.143122877269,Truck
941,1565,Bangalore,Chennai,50,2024-01-27,2024-01-29,On-Time,352.1210531842145,Van
942,1885,Bangalore,Chennai,1241,2024-01-18,2024-01-21,On-Time,11401.006728696562,Bike
943,1258,Delhi,Chennai,1693,2024-01-04,2024-01-12,Delayed,12183.419341106053,Van
944,1655,Mumbai,Pune,68,2024-01-01,2024-01-07,Delayed,340.15438598841376,Van
945,1470,Mumbai,Hyderabad,1405,2024-01-18,2024-01-27,Delayed,19880.77160535276,Bike
946,1952,Bangalore,Hyderabad,633,2024-01-01,2024-01-05,On-Time,8506.75667309178,Bike
947,1970,Mumbai,Chennai,505,2024-01-26,2024-02-03,Delayed,6273.575769009083,Truck
948,1011,Mumbai,Hyderabad,1006,2024-01-26,2024-01-29,On-Time,6718.214832199047,Van
949,1329,Delhi,Chennai,1182,2024-01-13,2024-01-16,On-Time,7332.697470802035,Bike
950,1735,Mumbai,Pune,1341,2024-01-20,2024-01-28,Delayed,7611.579690424658,Bike
951,1783,Delhi,Hyderabad,494,2024-01-20,2024-01-25,On-Time,6046.704192538231,Truck
952,1967,Bangalore,Pune,1313,2024-01-23,2024-01-26,On-Time,18760.248523831935,Truck
953,1357,Mumbai,Hyderabad,1374,2024-01-10,2024-01-11,On-Time,12785.562179345128,Bike
954,1971,Bangalore,Pune,651,2024-01-27,2024-01-30,On-Time,4030.6057746942734,Truck
955,1407,Bangalore,Hyderabad,152,2024-01-11,2024-01-20,Delayed,1538.8370875128019,Bike
956,1667,Mumbai,Pune,1037,2024-01-09,2024-01-14,On-Time,8802.386880345994,Van
957,1372,Mumbai,Pune,1323,2024-01-09,2024-01-11,On-Time,11573.93374915047,Truck
958,1007,Bangalore,Hyderabad,1526,2024-01-05,2024-01-12,Delayed,17111.505324616093,Van
959,1121,Mumbai,Pune,569,2024-01-26,2024-01-28,On-Time,6934.506064461931,Van
960,1347,Delhi,Pune,1226,2024-01-01,2024-01-05,On-Time,7486.0001221849525,Van
961,1675,Delhi,Pune,908,2024-01-17,2024-01-24,Delayed,4863.159295722805,Bike
962,1089,Mumbai,Hyderabad,223,2024-01-22,2024-01-26,On-Time,3332.356574989144,Van
963,1647,Bangalore,Hyderabad,1416,2024-01-02,2024-01-09,Delayed,10375.433420644214,Van
964,1697,Mumbai,Pune,1743,2024-01-24,2024-01-31,Delayed,9653.266049154441,Van
965,1315,Mumbai,Pune,1054,2024-01-13,2024-01-14,On-Time,7271.285968670997,Bike
966,1177,Bangalore,Hyderabad,480,2024-01-09,2024-01-15,Delayed,2586.9976624726282,Van
967,1539,Bangalore,Hyderabad,776,2024-01-29,2024-02-07,Delayed,6920.452542229253,Van
968,1731,Delhi,Pune,1762,2024-01-04,2024-01-06,On-Time,22948.319442032334,Truck
969,1868,Bangalore,Pune,1760,2024-01-05,2024-01-08,On-Time,14805.90231573588,Bike
970,1040,Delhi,Pune,1925,2024-01-11,2024-01-16,On-Time,18175.530582408555,Van
971,1739,Bangalore,Chennai,899,2024-01-24,2024-02-02,Delayed,10568.525094371274,Truck
972,1703,Mumbai,Hyderabad,1731,2024-01-19,2024-01-23,On-Time,17463.956352909627,Bike
973,1922,Delhi,Chennai,1397,2024-01-21,2024-01-22,On-Time,19019.3962337179,Bike
974,1501,Delhi,Hyderabad,1039,2024-01-03,2024-01-07,On-Time,14193.11066372541,Bike
975,1958,Delhi,Hyderabad,1746,2024-01-12,2024-01-18,Delayed,8903.040743275542,Bike
976,1144,Mumbai,Hyderabad,688,2024-01-26,2024-01-31,On-Time,8792.95858860441,Bike
977,1200,Mumbai,Hyderabad,469,2024-01-19,2024-01-20,On-Time,4505.840585133451,Bike
978,1928,Mumbai,Hyderabad,643,2024-01-19,2024-01-23,On-Time,9573.244680582553,Van
979,1723,Mumbai,Hyderabad,534,2024-01-13,2024-01-19,Delayed,5250.459285174824,Van
980,1460,Mumbai,Hyderabad,1732,2024-01-28,2024-02-01,On-Time,25753.037774125314,Van
981,1731,Delhi,Chennai,1824,2024-01-07,2024-01-16,Delayed,22883.345148392636,Van
982,1751,Mumbai,Pune,461,2024-01-15,2024-01-20,On-Time,3451.068518067342,Truck
983,1924,Delhi,Pune,985,2024-01-23,2024-01-31,Delayed,10228.190545976531,Van
984,1908,Mumbai,Chennai,1157,2024-01-07,2024-01-16,Delayed,17264.009348767202,Bike
985,1557,Bangalore,Chennai,1186,2024-01-26,2024-01-31,On-Time,16100.313007937815,Van
986,1546,Delhi,Chennai,1810,2024-01-08,2024-01-14,Delayed,10812.340777621102,Van
987,1252,Bangalore,Chennai,381,2024-01-05,2024-01-06,On-Time,4596.277307846085,Bike
988,1389,Delhi,Hyderabad,1451,2024-01-21,2024-01-28,Delayed,12269.359790985498,Van
989,1593,Bangalore,Pune,1828,2024-01-14,2024-01-18,On-Time,9267.635747172764,Van
990,1882,Mumbai,Hyderabad,704,2024-01-04,2024-01-06,On-Time,6360.5060219500765,Van
991,1255,Mumbai,Pune,90,2024-01-23,2024-01-28,On-Time,661.2789795524741,Truck
992,1708,Mumbai,Pune,1843,2024-01-10,2024-01-13,On-Time,24306.76065569229,Van
993,1814,Delhi,Chennai,1008,2024-01-20,2024-01-26,Delayed,8440.292537165316,Bike
994,1920,Bangalore,Hyderabad,1870,2024-01-15,2024-01-23,Delayed,24824.69307693638,Bike
995,1449,Mumbai,Chennai,154,2024-01-18,2024-01-25,Delayed,770.9208258055847,Van
996,1009,Bangalore,Hyderabad,251,2024-01-20,2024-01-23,On-Time,2027.6260665655589,Van
997,1823,Bangalore,Pune,499,2024-01-13,2024-01-21,Delayed,3698.414419395732,Van
998,1797,Mumbai,Chennai,1892,2024-01-29,2024-01-31,On-Time,13879.094471418119,Bike
999,1241,Mumbai,Chennai,1916,2024-01-08,2024-01-17,Delayed,10886.455634706266,Bike
1000,1250,Bangalore,Pune,1339,2024-01-09,2024-01-13,On-Time,9200.593980796619,Truck
